2025-10-03 20:45:56.416 [main] INFO  c.u.u.UserServiceApplication - No active profile set, falling back to 1 default profile: "default"
2025-10-03 20:46:02.063 [main] INFO  o.s.d.r.c.RepositoryConfigurationDelegate - Multiple Spring Data modules found, entering strict repository configuration mode
2025-10-03 20:46:02.067 [main] INFO  o.s.d.r.c.RepositoryConfigurationDelegate - Bootstrapping Spring Data JPA repositories in DEFAULT mode.
2025-10-03 20:46:02.647 [main] INFO  o.s.d.r.c.RepositoryConfigurationDelegate - Finished Spring Data repository scanning in 563 ms. Found 1 JPA repository interface.
2025-10-03 20:46:02.679 [main] INFO  o.s.d.r.c.RepositoryConfigurationDelegate - Multiple Spring Data modules found, entering strict repository configuration mode
2025-10-03 20:46:02.682 [main] INFO  o.s.d.r.c.RepositoryConfigurationDelegate - Bootstrapping Spring Data Redis repositories in DEFAULT mode.
2025-10-03 20:46:02.922 [main] INFO  o.s.d.r.c.RepositoryConfigurationExtensionSupport - Spring Data Redis - Could not safely identify store assignment for repository candidate interface com.userservice.userservice.repository.UserRepository; If you want this repository to be a Redis repository, consider annotating your entities with one of these annotations: org.springframework.data.redis.core.RedisHash (preferred), or consider extending one of the following types with your repository: org.springframework.data.keyvalue.repository.KeyValueRepository
2025-10-03 20:46:02.923 [main] INFO  o.s.d.r.c.RepositoryConfigurationDelegate - Finished Spring Data repository scanning in 132 ms. Found 0 Redis repository interfaces.
2025-10-03 20:46:03.765 [main] INFO  o.s.cloud.context.scope.GenericScope - BeanFactory id=0e7f7fd2-2071-33b3-a516-6e5778887c87
2025-10-03 20:46:04.533 [main] WARN  o.s.c.s.PostProcessorRegistrationDelegate$BeanPostProcessorChecker - Bean 'org.springframework.cloud.client.loadbalancer.LoadBalancerAutoConfiguration$DeferringLoadBalancerInterceptorConfig' of type [org.springframework.cloud.client.loadbalancer.LoadBalancerAutoConfiguration$DeferringLoadBalancerInterceptorConfig] is not eligible for getting processed by all BeanPostProcessors (for example: not eligible for auto-proxying). The currently created BeanPostProcessor [lbRestClientPostProcessor] is declared through a non-static factory method on that class; consider declaring it as static instead.
2025-10-03 20:46:04.539 [main] WARN  o.s.c.s.PostProcessorRegistrationDelegate$BeanPostProcessorChecker - Bean 'deferringLoadBalancerInterceptor' of type [org.springframework.cloud.client.loadbalancer.DeferringLoadBalancerInterceptor] is not eligible for getting processed by all BeanPostProcessors (for example: not eligible for auto-proxying). Is this bean getting eagerly injected into a currently created BeanPostProcessor [lbRestClientPostProcessor]? Check the corresponding BeanPostProcessor declaration and its dependencies.
2025-10-03 20:46:05.242 [main] INFO  o.s.b.w.e.tomcat.TomcatWebServer - Tomcat initialized with port 8080 (http)
2025-10-03 20:46:05.258 [main] INFO  o.a.coyote.http11.Http11NioProtocol - Initializing ProtocolHandler ["http-nio-8080"]
2025-10-03 20:46:05.262 [main] INFO  o.a.catalina.core.StandardService - Starting service [Tomcat]
2025-10-03 20:46:05.262 [main] INFO  o.a.catalina.core.StandardEngine - Starting Servlet engine: [Apache Tomcat/10.1.19]
2025-10-03 20:46:05.753 [main] INFO  o.a.c.c.C.[Tomcat].[localhost].[/] - Initializing Spring embedded WebApplicationContext
2025-10-03 20:46:05.753 [main] INFO  o.s.b.w.s.c.ServletWebServerApplicationContext - Root WebApplicationContext: initialization completed in 9031 ms
2025-10-03 20:46:07.027 [main] DEBUG o.s.o.j.LocalContainerEntityManagerFactoryBean - Building JPA container EntityManagerFactory for persistence unit 'default'
2025-10-03 20:46:07.816 [main] INFO  o.s.o.j.p.SpringPersistenceUnitInfo - No LoadTimeWeaver setup: ignoring JPA class transformer
2025-10-03 20:46:07.882 [main] INFO  com.zaxxer.hikari.HikariDataSource - HikariPool-1 - Starting...
2025-10-03 20:46:08.393 [main] INFO  com.zaxxer.hikari.pool.HikariPool - HikariPool-1 - Added connection org.postgresql.jdbc.PgConnection@9fc2f89
2025-10-03 20:46:08.395 [main] INFO  com.zaxxer.hikari.HikariDataSource - HikariPool-1 - Start completed.
2025-10-03 20:46:08.685 [main] WARN  org.hibernate.orm.deprecation - HHH90000025: PostgreSQLDialect does not need to be specified explicitly using 'hibernate.dialect' (remove the property setting and it will be selected by default)
2025-10-03 20:46:11.344 [main] INFO  o.s.o.j.LocalContainerEntityManagerFactoryBean - Initialized JPA EntityManagerFactory for persistence unit 'default'
2025-10-03 20:46:11.704 [main] DEBUG o.s.o.j.SharedEntityManagerCreator$SharedEntityManagerInvocationHandler - Creating new EntityManager for shared EntityManager invocation
2025-10-03 20:46:11.755 [main] DEBUG o.s.o.j.SharedEntityManagerCreator$SharedEntityManagerInvocationHandler - Creating new EntityManager for shared EntityManager invocation
2025-10-03 20:46:11.983 [main] DEBUG o.s.o.j.SharedEntityManagerCreator$SharedEntityManagerInvocationHandler - Creating new EntityManager for shared EntityManager invocation
2025-10-03 20:46:12.257 [main] DEBUG o.s.o.j.SharedEntityManagerCreator$SharedEntityManagerInvocationHandler - Creating new EntityManager for shared EntityManager invocation
2025-10-03 20:46:12.452 [main] DEBUG o.s.o.j.SharedEntityManagerCreator$SharedEntityManagerInvocationHandler - Creating new EntityManager for shared EntityManager invocation
2025-10-03 20:46:13.379 [main] WARN  o.s.b.a.o.j.JpaBaseConfiguration$JpaWebConfiguration - spring.jpa.open-in-view is enabled by default. Therefore, database queries may be performed during view rendering. Explicitly configure spring.jpa.open-in-view to disable this warning
2025-10-03 20:46:14.742 [main] DEBUG o.s.s.c.a.a.c.AuthenticationConfiguration$DefaultPasswordEncoderAuthenticationManagerBuilder - No authenticationProviders and no parentAuthenticationManager defined. Returning null.
2025-10-03 20:46:16.789 [main] INFO  o.s.b.a.e.web.EndpointLinksResolver - Exposing 2 endpoint(s) beneath base path '/actuator'
2025-10-03 20:46:17.060 [main] INFO  o.s.s.web.DefaultSecurityFilterChain - Will secure any request with [org.springframework.security.web.session.DisableEncodeUrlFilter@65c2610f, org.springframework.security.web.context.request.async.WebAsyncManagerIntegrationFilter@73e4ecb, org.springframework.security.web.context.SecurityContextHolderFilter@78fd9a11, org.springframework.security.web.header.HeaderWriterFilter@efa6a81, org.springframework.web.filter.CorsFilter@1942a960, org.springframework.security.web.authentication.logout.LogoutFilter@395065af, com.userservice.userservice.security.JwtAuthFilter@4f2fdf3d, org.springframework.security.web.savedrequest.RequestCacheAwareFilter@5a618847, org.springframework.security.web.servletapi.SecurityContextHolderAwareRequestFilter@28322fd3, org.springframework.security.web.authentication.AnonymousAuthenticationFilter@5bee88e3, org.springframework.security.web.session.SessionManagementFilter@632d8166, org.springframework.security.web.access.ExceptionTranslationFilter@591b8f15, org.springframework.security.web.access.intercept.AuthorizationFilter@337f6716]
2025-10-03 20:46:18.076 [main] DEBUG o.s.d.r.l.RedisMessageListenerContainer - Starting RedisMessageListenerContainer...
2025-10-03 20:46:18.078 [main] DEBUG o.s.d.r.l.RedisMessageListenerContainer - Postpone listening for Redis messages until actual listeners are added
2025-10-03 20:46:18.778 [main] INFO  o.s.c.n.e.c.DiscoveryClientOptionalArgsConfiguration - Eureka HTTP Client uses RestTemplate.
2025-10-03 20:46:18.861 [main] WARN  o.s.c.l.c.LoadBalancerCacheAutoConfiguration$LoadBalancerCaffeineWarnLogger - Spring Cloud LoadBalancer is currently working with the default cache. While this cache implementation is useful for development and tests, it's recommended to use Caffeine cache in production.You can switch to using Caffeine cache, by adding it and org.springframework.cache.caffeine.CaffeineCacheManager to the classpath.
2025-10-03 20:46:19.091 [main] INFO  o.s.c.n.eureka.InstanceInfoFactory - Setting initial instance status as: STARTING
2025-10-03 20:46:19.305 [main] INFO  c.netflix.discovery.DiscoveryClient - Initializing Eureka in region us-east-1
2025-10-03 20:46:19.317 [main] INFO  c.n.d.s.r.aws.ConfigClusterResolver - Resolving eureka endpoints via configuration
2025-10-03 20:46:19.320 [main] DEBUG c.n.discovery.endpoint.EndpointUtils - The availability zone for the given region us-east-1 are [defaultZone]
2025-10-03 20:46:19.321 [main] DEBUG c.n.d.s.r.aws.ConfigClusterResolver - Config resolved to [AwsEndpoint{ serviceUrl='http://localhost:8761/eureka/', region='us-east-1', zone='defaultZone'}]
2025-10-03 20:46:19.322 [main] DEBUG c.n.d.s.r.a.ZoneAffinityClusterResolver - Local zone=defaultZone; resolved to: [AwsEndpoint{ serviceUrl='http://localhost:8761/eureka/', region='us-east-1', zone='defaultZone'}]
2025-10-03 20:46:19.574 [main] INFO  c.netflix.discovery.DiscoveryClient - Disable delta property : false
2025-10-03 20:46:19.575 [main] INFO  c.netflix.discovery.DiscoveryClient - Single vip registry refresh property : null
2025-10-03 20:46:19.575 [main] INFO  c.netflix.discovery.DiscoveryClient - Force full registry fetch : false
2025-10-03 20:46:19.575 [main] INFO  c.netflix.discovery.DiscoveryClient - Application is null : false
2025-10-03 20:46:19.575 [main] INFO  c.netflix.discovery.DiscoveryClient - Registered Applications size is zero : true
2025-10-03 20:46:19.576 [main] INFO  c.netflix.discovery.DiscoveryClient - Application version is -1: true
2025-10-03 20:46:19.576 [main] INFO  c.netflix.discovery.DiscoveryClient - Getting all instance registry info from the eureka server
2025-10-03 20:46:19.578 [main] DEBUG c.n.d.s.t.d.SessionedEurekaHttpClient - Ending a session and starting anew
2025-10-03 20:46:20.470 [main] DEBUG c.n.d.s.t.d.RedirectingEurekaHttpClient - Pinning to endpoint null
2025-10-03 20:46:20.475 [main] INFO  c.netflix.discovery.DiscoveryClient - The response status is 200
2025-10-03 20:46:20.477 [main] DEBUG c.netflix.discovery.DiscoveryClient - Got full registry with apps hashcode UP_2_
2025-10-03 20:46:20.478 [main] DEBUG c.netflix.discovery.DiscoveryClient - The total number of all instances in the client now is 2
2025-10-03 20:46:20.482 [main] INFO  c.netflix.discovery.DiscoveryClient - Starting heartbeat executor: renew interval is: 5
2025-10-03 20:46:20.490 [main] INFO  c.n.discovery.InstanceInfoReplicator - InstanceInfoReplicator onDemand update allowed rate per min is 4
2025-10-03 20:46:20.501 [main] INFO  c.netflix.discovery.DiscoveryClient - Discovery Client initialized at timestamp 1759504580499 with initial instances count: 2
2025-10-03 20:46:20.502 [DiscoveryClient-InstanceInfoReplicator-0] DEBUG c.n.discovery.InstanceInfoReplicator - Executing on-demand update of local InstanceInfo
2025-10-03 20:46:20.502 [DiscoveryClient-InstanceInfoReplicator-0] DEBUG c.n.discovery.InstanceInfoReplicator - Canceling the latest scheduled update, it will be rescheduled at the end of on demand update
2025-10-03 20:46:20.537 [main] INFO  o.s.c.n.e.s.EurekaServiceRegistry - Registering application USER-SERVICE with eureka with status UP
2025-10-03 20:46:20.540 [main] INFO  c.netflix.discovery.DiscoveryClient - Saw local status change event StatusChangeEvent [timestamp=1759504580540, current=UP, previous=STARTING]
2025-10-03 20:46:20.543 [main] WARN  c.n.discovery.InstanceInfoReplicator - Ignoring onDemand update due to rate limiter
2025-10-03 20:46:20.547 [main] INFO  o.a.coyote.http11.Http11NioProtocol - Starting ProtocolHandler ["http-nio-8080"]
2025-10-03 20:46:20.581 [main] INFO  o.s.c.n.e.s.EurekaServiceRegistry - Unregistering application USER-SERVICE with eureka with status DOWN
2025-10-03 20:46:20.582 [main] INFO  c.netflix.discovery.DiscoveryClient - Saw local status change event StatusChangeEvent [timestamp=1759504580582, current=DOWN, previous=UP]
2025-10-03 20:46:20.582 [main] WARN  c.n.discovery.InstanceInfoReplicator - Ignoring onDemand update due to rate limiter
2025-10-03 20:46:20.583 [main] WARN  o.s.b.w.s.c.AnnotationConfigServletWebServerApplicationContext - Exception encountered during context initialization - cancelling refresh attempt: org.springframework.context.ApplicationContextException: Failed to start bean 'webServerStartStop'
2025-10-03 20:46:20.591 [main] DEBUG o.s.d.r.l.RedisMessageListenerContainer - Stopped RedisMessageListenerContainer
2025-10-03 20:46:20.727 [main] INFO  o.s.o.j.LocalContainerEntityManagerFactoryBean - Closing JPA EntityManagerFactory for persistence unit 'default'
2025-10-03 20:46:20.734 [main] INFO  com.zaxxer.hikari.HikariDataSource - HikariPool-1 - Shutdown initiated...
2025-10-03 20:46:20.850 [main] INFO  com.zaxxer.hikari.HikariDataSource - HikariPool-1 - Shutdown completed.
2025-10-03 20:46:20.854 [main] INFO  c.netflix.discovery.DiscoveryClient - Shutting down DiscoveryClient ...
2025-10-03 20:46:23.863 [main] INFO  c.netflix.discovery.DiscoveryClient - Unregistering ...
2025-10-03 20:46:23.864 [main] DEBUG c.n.d.s.t.d.SessionedEurekaHttpClient - Ending a session and starting anew
2025-10-03 20:46:23.876 [main] INFO  c.n.d.s.t.d.RedirectingEurekaHttpClient - Request execution error. endpoint=DefaultEndpoint{ serviceUrl='http://localhost:8761/eureka/}, exception=Connection pool shut down stacktrace=java.lang.IllegalStateException: Connection pool shut down
	at org.apache.hc.core5.util.Asserts.check(Asserts.java:38)
	at org.apache.hc.core5.pool.StrictConnPool.lease(StrictConnPool.java:176)
	at org.apache.hc.client5.http.impl.io.PoolingHttpClientConnectionManager.lease(PoolingHttpClientConnectionManager.java:298)
	at org.apache.hc.client5.http.impl.classic.InternalExecRuntime.acquireEndpoint(InternalExecRuntime.java:103)
	at org.apache.hc.client5.http.impl.classic.ConnectExec.execute(ConnectExec.java:125)
	at org.apache.hc.client5.http.impl.classic.ExecChainElement.execute(ExecChainElement.java:51)
	at org.apache.hc.client5.http.impl.classic.ProtocolExec.execute(ProtocolExec.java:192)
	at org.apache.hc.client5.http.impl.classic.ExecChainElement.execute(ExecChainElement.java:51)
	at org.apache.hc.client5.http.impl.classic.HttpRequestRetryExec.execute(HttpRequestRetryExec.java:96)
	at org.apache.hc.client5.http.impl.classic.ExecChainElement.execute(ExecChainElement.java:51)
	at org.apache.hc.client5.http.impl.classic.ContentCompressionExec.execute(ContentCompressionExec.java:152)
	at org.apache.hc.client5.http.impl.classic.ExecChainElement.execute(ExecChainElement.java:51)
	at org.apache.hc.client5.http.impl.classic.RedirectExec.execute(RedirectExec.java:115)
	at org.apache.hc.client5.http.impl.classic.ExecChainElement.execute(ExecChainElement.java:51)
	at org.apache.hc.client5.http.impl.classic.InternalHttpClient.doExecute(InternalHttpClient.java:170)
	at org.apache.hc.client5.http.impl.classic.CloseableHttpClient.execute(CloseableHttpClient.java:87)
	at org.apache.hc.client5.http.impl.classic.CloseableHttpClient.execute(CloseableHttpClient.java:55)
	at org.apache.hc.client5.http.classic.HttpClient.executeOpen(HttpClient.java:183)
	at org.springframework.http.client.HttpComponentsClientHttpRequest.executeInternal(HttpComponentsClientHttpRequest.java:95)
	at org.springframework.http.client.AbstractStreamingClientHttpRequest.executeInternal(AbstractStreamingClientHttpRequest.java:70)
	at org.springframework.http.client.AbstractClientHttpRequest.execute(AbstractClientHttpRequest.java:66)
	at org.springframework.http.client.InterceptingClientHttpRequest$InterceptingRequestExecution.execute(InterceptingClientHttpRequest.java:112)
	at org.springframework.cloud.netflix.eureka.http.RestTemplateTransportClientFactory.lambda$restTemplate$0(RestTemplateTransportClientFactory.java:143)
	at org.springframework.http.client.InterceptingClientHttpRequest$InterceptingRequestExecution.execute(InterceptingClientHttpRequest.java:88)
	at org.springframework.http.client.InterceptingClientHttpRequest.executeInternal(InterceptingClientHttpRequest.java:72)
	at org.springframework.http.client.AbstractBufferingClientHttpRequest.executeInternal(AbstractBufferingClientHttpRequest.java:48)
	at org.springframework.http.client.AbstractClientHttpRequest.execute(AbstractClientHttpRequest.java:66)
	at org.springframework.web.client.RestTemplate.doExecute(RestTemplate.java:889)
	at org.springframework.web.client.RestTemplate.execute(RestTemplate.java:790)
	at org.springframework.web.client.RestTemplate.exchange(RestTemplate.java:672)
	at org.springframework.cloud.netflix.eureka.http.RestTemplateEurekaHttpClient.cancel(RestTemplateEurekaHttpClient.java:87)
	at com.netflix.discovery.shared.transport.decorator.EurekaHttpClientDecorator$2.execute(EurekaHttpClientDecorator.java:74)
	at com.netflix.discovery.shared.transport.decorator.RedirectingEurekaHttpClient.executeOnNewServer(RedirectingEurekaHttpClient.java:121)
	at com.netflix.discovery.shared.transport.decorator.RedirectingEurekaHttpClient.execute(RedirectingEurekaHttpClient.java:80)
	at com.netflix.discovery.shared.transport.decorator.EurekaHttpClientDecorator.cancel(EurekaHttpClientDecorator.java:71)
	at com.netflix.discovery.shared.transport.decorator.EurekaHttpClientDecorator$2.execute(EurekaHttpClientDecorator.java:74)
	at com.netflix.discovery.shared.transport.decorator.RetryableEurekaHttpClient.execute(RetryableEurekaHttpClient.java:120)
	at com.netflix.discovery.shared.transport.decorator.EurekaHttpClientDecorator.cancel(EurekaHttpClientDecorator.java:71)
	at com.netflix.discovery.shared.transport.decorator.EurekaHttpClientDecorator$2.execute(EurekaHttpClientDecorator.java:74)
	at com.netflix.discovery.shared.transport.decorator.SessionedEurekaHttpClient.execute(SessionedEurekaHttpClient.java:77)
	at com.netflix.discovery.shared.transport.decorator.EurekaHttpClientDecorator.cancel(EurekaHttpClientDecorator.java:71)
	at com.netflix.discovery.DiscoveryClient.unregister(DiscoveryClient.java:916)
	at com.netflix.discovery.DiscoveryClient.shutdown(DiscoveryClient.java:892)
	at java.base/jdk.internal.reflect.NativeMethodAccessorImpl.invoke0(Native Method)
	at java.base/jdk.internal.reflect.NativeMethodAccessorImpl.invoke(NativeMethodAccessorImpl.java:77)
	at java.base/jdk.internal.reflect.DelegatingMethodAccessorImpl.invoke(DelegatingMethodAccessorImpl.java:43)
	at java.base/java.lang.reflect.Method.invoke(Method.java:569)
	at org.springframework.beans.factory.annotation.InitDestroyAnnotationBeanPostProcessor$LifecycleMethod.invoke(InitDestroyAnnotationBeanPostProcessor.java:457)
	at org.springframework.beans.factory.annotation.InitDestroyAnnotationBeanPostProcessor$LifecycleMetadata.invokeDestroyMethods(InitDestroyAnnotationBeanPostProcessor.java:415)
	at org.springframework.beans.factory.annotation.InitDestroyAnnotationBeanPostProcessor.postProcessBeforeDestruction(InitDestroyAnnotationBeanPostProcessor.java:239)
	at org.springframework.beans.factory.support.DisposableBeanAdapter.destroy(DisposableBeanAdapter.java:202)
	at org.springframework.beans.factory.support.DisposableBeanAdapter.run(DisposableBeanAdapter.java:195)
	at org.springframework.cloud.context.scope.GenericScope$BeanLifecycleWrapper.destroy(GenericScope.java:389)
	at org.springframework.cloud.context.scope.GenericScope.destroy(GenericScope.java:136)
	at org.springframework.beans.factory.support.DisposableBeanAdapter.destroy(DisposableBeanAdapter.java:211)
	at org.springframework.beans.factory.support.DefaultSingletonBeanRegistry.destroyBean(DefaultSingletonBeanRegistry.java:587)
	at org.springframework.beans.factory.support.DefaultSingletonBeanRegistry.destroySingleton(DefaultSingletonBeanRegistry.java:559)
	at org.springframework.beans.factory.support.DefaultListableBeanFactory.destroySingleton(DefaultListableBeanFactory.java:1202)
	at org.springframework.beans.factory.support.DefaultSingletonBeanRegistry.destroySingletons(DefaultSingletonBeanRegistry.java:520)
	at org.springframework.beans.factory.support.DefaultListableBeanFactory.destroySingletons(DefaultListableBeanFactory.java:1195)
	at org.springframework.context.support.AbstractApplicationContext.destroyBeans(AbstractApplicationContext.java:1186)
	at org.springframework.context.support.AbstractApplicationContext.refresh(AbstractApplicationContext.java:637)
	at org.springframework.boot.web.servlet.context.ServletWebServerApplicationContext.refresh(ServletWebServerApplicationContext.java:146)
	at org.springframework.boot.SpringApplication.refresh(SpringApplication.java:754)
	at org.springframework.boot.SpringApplication.refreshContext(SpringApplication.java:456)
	at org.springframework.boot.SpringApplication.run(SpringApplication.java:334)
	at org.springframework.boot.SpringApplication.run(SpringApplication.java:1354)
	at org.springframework.boot.SpringApplication.run(SpringApplication.java:1343)
	at com.userservice.userservice.UserServiceApplication.main(UserServiceApplication.java:13)

2025-10-03 20:46:23.877 [main] WARN  c.n.d.s.t.d.RetryableEurekaHttpClient - Request execution failed with message: Connection pool shut down
2025-10-03 20:46:23.878 [main] ERROR c.netflix.discovery.DiscoveryClient - DiscoveryClient_USER-SERVICE/user-service:24180d362d11168a465b939082e94a86 - de-registration failedCannot execute request on any known server
com.netflix.discovery.shared.transport.TransportException: Cannot execute request on any known server
	at com.netflix.discovery.shared.transport.decorator.RetryableEurekaHttpClient.execute(RetryableEurekaHttpClient.java:112)
	at com.netflix.discovery.shared.transport.decorator.EurekaHttpClientDecorator.cancel(EurekaHttpClientDecorator.java:71)
	at com.netflix.discovery.shared.transport.decorator.EurekaHttpClientDecorator$2.execute(EurekaHttpClientDecorator.java:74)
	at com.netflix.discovery.shared.transport.decorator.SessionedEurekaHttpClient.execute(SessionedEurekaHttpClient.java:77)
	at com.netflix.discovery.shared.transport.decorator.EurekaHttpClientDecorator.cancel(EurekaHttpClientDecorator.java:71)
	at com.netflix.discovery.DiscoveryClient.unregister(DiscoveryClient.java:916)
	at com.netflix.discovery.DiscoveryClient.shutdown(DiscoveryClient.java:892)
	at java.base/jdk.internal.reflect.NativeMethodAccessorImpl.invoke0(Native Method)
	at java.base/jdk.internal.reflect.NativeMethodAccessorImpl.invoke(NativeMethodAccessorImpl.java:77)
	at java.base/jdk.internal.reflect.DelegatingMethodAccessorImpl.invoke(DelegatingMethodAccessorImpl.java:43)
	at java.base/java.lang.reflect.Method.invoke(Method.java:569)
	at org.springframework.beans.factory.annotation.InitDestroyAnnotationBeanPostProcessor$LifecycleMethod.invoke(InitDestroyAnnotationBeanPostProcessor.java:457)
	at org.springframework.beans.factory.annotation.InitDestroyAnnotationBeanPostProcessor$LifecycleMetadata.invokeDestroyMethods(InitDestroyAnnotationBeanPostProcessor.java:415)
	at org.springframework.beans.factory.annotation.InitDestroyAnnotationBeanPostProcessor.postProcessBeforeDestruction(InitDestroyAnnotationBeanPostProcessor.java:239)
	at org.springframework.beans.factory.support.DisposableBeanAdapter.destroy(DisposableBeanAdapter.java:202)
	at org.springframework.beans.factory.support.DisposableBeanAdapter.run(DisposableBeanAdapter.java:195)
	at org.springframework.cloud.context.scope.GenericScope$BeanLifecycleWrapper.destroy(GenericScope.java:389)
	at org.springframework.cloud.context.scope.GenericScope.destroy(GenericScope.java:136)
	at org.springframework.beans.factory.support.DisposableBeanAdapter.destroy(DisposableBeanAdapter.java:211)
	at org.springframework.beans.factory.support.DefaultSingletonBeanRegistry.destroyBean(DefaultSingletonBeanRegistry.java:587)
	at org.springframework.beans.factory.support.DefaultSingletonBeanRegistry.destroySingleton(DefaultSingletonBeanRegistry.java:559)
	at org.springframework.beans.factory.support.DefaultListableBeanFactory.destroySingleton(DefaultListableBeanFactory.java:1202)
	at org.springframework.beans.factory.support.DefaultSingletonBeanRegistry.destroySingletons(DefaultSingletonBeanRegistry.java:520)
	at org.springframework.beans.factory.support.DefaultListableBeanFactory.destroySingletons(DefaultListableBeanFactory.java:1195)
	at org.springframework.context.support.AbstractApplicationContext.destroyBeans(AbstractApplicationContext.java:1186)
	at org.springframework.context.support.AbstractApplicationContext.refresh(AbstractApplicationContext.java:637)
	at org.springframework.boot.web.servlet.context.ServletWebServerApplicationContext.refresh(ServletWebServerApplicationContext.java:146)
	at org.springframework.boot.SpringApplication.refresh(SpringApplication.java:754)
	at org.springframework.boot.SpringApplication.refreshContext(SpringApplication.java:456)
	at org.springframework.boot.SpringApplication.run(SpringApplication.java:334)
	at org.springframework.boot.SpringApplication.run(SpringApplication.java:1354)
	at org.springframework.boot.SpringApplication.run(SpringApplication.java:1343)
	at com.userservice.userservice.UserServiceApplication.main(UserServiceApplication.java:13)
2025-10-03 20:46:23.907 [main] INFO  c.netflix.discovery.DiscoveryClient - Completed shut down of DiscoveryClient
2025-10-03 20:46:23.909 [main] INFO  o.a.catalina.core.StandardService - Stopping service [Tomcat]
2025-10-03 20:46:23.962 [main] INFO  o.s.b.a.l.ConditionEvaluationReportLogger - 

Error starting ApplicationContext. To display the condition evaluation report re-run your application with 'debug' enabled.
2025-10-03 20:46:24.023 [main] ERROR o.s.b.d.LoggingFailureAnalysisReporter - 

***************************
APPLICATION FAILED TO START
***************************

Description:

Web server failed to start. Port 8080 was already in use.

Action:

Identify and stop the process that's listening on port 8080 or configure this application to listen on another port.

2025-10-03 20:48:43.727 [main] INFO  c.u.u.UserServiceApplication - No active profile set, falling back to 1 default profile: "default"
2025-10-03 20:48:46.714 [main] INFO  o.s.d.r.c.RepositoryConfigurationDelegate - Multiple Spring Data modules found, entering strict repository configuration mode
2025-10-03 20:48:46.718 [main] INFO  o.s.d.r.c.RepositoryConfigurationDelegate - Bootstrapping Spring Data JPA repositories in DEFAULT mode.
2025-10-03 20:48:47.112 [main] INFO  o.s.d.r.c.RepositoryConfigurationDelegate - Finished Spring Data repository scanning in 380 ms. Found 1 JPA repository interface.
2025-10-03 20:48:47.143 [main] INFO  o.s.d.r.c.RepositoryConfigurationDelegate - Multiple Spring Data modules found, entering strict repository configuration mode
2025-10-03 20:48:47.145 [main] INFO  o.s.d.r.c.RepositoryConfigurationDelegate - Bootstrapping Spring Data Redis repositories in DEFAULT mode.
2025-10-03 20:48:47.278 [main] INFO  o.s.d.r.c.RepositoryConfigurationExtensionSupport - Spring Data Redis - Could not safely identify store assignment for repository candidate interface com.userservice.userservice.repository.UserRepository; If you want this repository to be a Redis repository, consider annotating your entities with one of these annotations: org.springframework.data.redis.core.RedisHash (preferred), or consider extending one of the following types with your repository: org.springframework.data.keyvalue.repository.KeyValueRepository
2025-10-03 20:48:47.279 [main] INFO  o.s.d.r.c.RepositoryConfigurationDelegate - Finished Spring Data repository scanning in 114 ms. Found 0 Redis repository interfaces.
2025-10-03 20:48:48.218 [main] INFO  o.s.cloud.context.scope.GenericScope - BeanFactory id=0e7f7fd2-2071-33b3-a516-6e5778887c87
2025-10-03 20:48:49.076 [main] WARN  o.s.c.s.PostProcessorRegistrationDelegate$BeanPostProcessorChecker - Bean 'org.springframework.cloud.client.loadbalancer.LoadBalancerAutoConfiguration$DeferringLoadBalancerInterceptorConfig' of type [org.springframework.cloud.client.loadbalancer.LoadBalancerAutoConfiguration$DeferringLoadBalancerInterceptorConfig] is not eligible for getting processed by all BeanPostProcessors (for example: not eligible for auto-proxying). The currently created BeanPostProcessor [lbRestClientPostProcessor] is declared through a non-static factory method on that class; consider declaring it as static instead.
2025-10-03 20:48:49.083 [main] WARN  o.s.c.s.PostProcessorRegistrationDelegate$BeanPostProcessorChecker - Bean 'deferringLoadBalancerInterceptor' of type [org.springframework.cloud.client.loadbalancer.DeferringLoadBalancerInterceptor] is not eligible for getting processed by all BeanPostProcessors (for example: not eligible for auto-proxying). Is this bean getting eagerly injected into a currently created BeanPostProcessor [lbRestClientPostProcessor]? Check the corresponding BeanPostProcessor declaration and its dependencies.
2025-10-03 20:48:50.142 [main] INFO  o.s.b.w.e.tomcat.TomcatWebServer - Tomcat initialized with port 8080 (http)
2025-10-03 20:48:50.173 [main] INFO  o.a.coyote.http11.Http11NioProtocol - Initializing ProtocolHandler ["http-nio-8080"]
2025-10-03 20:48:50.177 [main] INFO  o.a.catalina.core.StandardService - Starting service [Tomcat]
2025-10-03 20:48:50.178 [main] INFO  o.a.catalina.core.StandardEngine - Starting Servlet engine: [Apache Tomcat/10.1.19]
2025-10-03 20:48:50.450 [main] INFO  o.a.c.c.C.[Tomcat].[localhost].[/] - Initializing Spring embedded WebApplicationContext
2025-10-03 20:48:50.451 [main] INFO  o.s.b.w.s.c.ServletWebServerApplicationContext - Root WebApplicationContext: initialization completed in 6676 ms
2025-10-03 20:48:51.816 [main] DEBUG o.s.o.j.LocalContainerEntityManagerFactoryBean - Building JPA container EntityManagerFactory for persistence unit 'default'
2025-10-03 20:48:52.827 [main] INFO  o.s.o.j.p.SpringPersistenceUnitInfo - No LoadTimeWeaver setup: ignoring JPA class transformer
2025-10-03 20:48:53.000 [main] INFO  com.zaxxer.hikari.HikariDataSource - HikariPool-1 - Starting...
2025-10-03 20:48:53.429 [main] INFO  com.zaxxer.hikari.pool.HikariPool - HikariPool-1 - Added connection org.postgresql.jdbc.PgConnection@72ce8a9b
2025-10-03 20:48:53.433 [main] INFO  com.zaxxer.hikari.HikariDataSource - HikariPool-1 - Start completed.
2025-10-03 20:48:53.727 [main] WARN  org.hibernate.orm.deprecation - HHH90000025: PostgreSQLDialect does not need to be specified explicitly using 'hibernate.dialect' (remove the property setting and it will be selected by default)
2025-10-03 20:48:57.036 [main] INFO  o.s.o.j.LocalContainerEntityManagerFactoryBean - Initialized JPA EntityManagerFactory for persistence unit 'default'
2025-10-03 20:48:57.410 [main] DEBUG o.s.o.j.SharedEntityManagerCreator$SharedEntityManagerInvocationHandler - Creating new EntityManager for shared EntityManager invocation
2025-10-03 20:48:57.572 [main] DEBUG o.s.o.j.SharedEntityManagerCreator$SharedEntityManagerInvocationHandler - Creating new EntityManager for shared EntityManager invocation
2025-10-03 20:48:57.873 [main] DEBUG o.s.o.j.SharedEntityManagerCreator$SharedEntityManagerInvocationHandler - Creating new EntityManager for shared EntityManager invocation
2025-10-03 20:48:58.113 [main] DEBUG o.s.o.j.SharedEntityManagerCreator$SharedEntityManagerInvocationHandler - Creating new EntityManager for shared EntityManager invocation
2025-10-03 20:48:58.302 [main] DEBUG o.s.o.j.SharedEntityManagerCreator$SharedEntityManagerInvocationHandler - Creating new EntityManager for shared EntityManager invocation
2025-10-03 20:48:59.437 [main] WARN  o.s.b.a.o.j.JpaBaseConfiguration$JpaWebConfiguration - spring.jpa.open-in-view is enabled by default. Therefore, database queries may be performed during view rendering. Explicitly configure spring.jpa.open-in-view to disable this warning
2025-10-03 20:49:00.275 [main] DEBUG o.s.s.c.a.a.c.AuthenticationConfiguration$DefaultPasswordEncoderAuthenticationManagerBuilder - No authenticationProviders and no parentAuthenticationManager defined. Returning null.
2025-10-03 20:49:02.098 [main] INFO  o.s.b.a.e.web.EndpointLinksResolver - Exposing 2 endpoint(s) beneath base path '/actuator'
2025-10-03 20:49:02.429 [main] INFO  o.s.s.web.DefaultSecurityFilterChain - Will secure any request with [org.springframework.security.web.session.DisableEncodeUrlFilter@65c2610f, org.springframework.security.web.context.request.async.WebAsyncManagerIntegrationFilter@73e4ecb, org.springframework.security.web.context.SecurityContextHolderFilter@78fd9a11, org.springframework.security.web.header.HeaderWriterFilter@efa6a81, org.springframework.web.filter.CorsFilter@1942a960, org.springframework.security.web.authentication.logout.LogoutFilter@395065af, com.userservice.userservice.security.JwtAuthFilter@1d0b447b, org.springframework.security.web.savedrequest.RequestCacheAwareFilter@5a618847, org.springframework.security.web.servletapi.SecurityContextHolderAwareRequestFilter@28322fd3, org.springframework.security.web.authentication.AnonymousAuthenticationFilter@5bee88e3, org.springframework.security.web.session.SessionManagementFilter@632d8166, org.springframework.security.web.access.ExceptionTranslationFilter@591b8f15, org.springframework.security.web.access.intercept.AuthorizationFilter@337f6716]
2025-10-03 20:49:03.945 [main] DEBUG o.s.d.r.l.RedisMessageListenerContainer - Starting RedisMessageListenerContainer...
2025-10-03 20:49:03.948 [main] DEBUG o.s.d.r.l.RedisMessageListenerContainer - Postpone listening for Redis messages until actual listeners are added
2025-10-03 20:49:05.352 [main] INFO  o.s.c.n.e.c.DiscoveryClientOptionalArgsConfiguration - Eureka HTTP Client uses RestTemplate.
2025-10-03 20:49:05.596 [main] WARN  o.s.c.l.c.LoadBalancerCacheAutoConfiguration$LoadBalancerCaffeineWarnLogger - Spring Cloud LoadBalancer is currently working with the default cache. While this cache implementation is useful for development and tests, it's recommended to use Caffeine cache in production.You can switch to using Caffeine cache, by adding it and org.springframework.cache.caffeine.CaffeineCacheManager to the classpath.
2025-10-03 20:49:05.890 [main] INFO  o.s.c.n.eureka.InstanceInfoFactory - Setting initial instance status as: STARTING
2025-10-03 20:49:06.191 [main] INFO  c.netflix.discovery.DiscoveryClient - Initializing Eureka in region us-east-1
2025-10-03 20:49:06.201 [main] INFO  c.n.d.s.r.aws.ConfigClusterResolver - Resolving eureka endpoints via configuration
2025-10-03 20:49:06.202 [main] DEBUG c.n.discovery.endpoint.EndpointUtils - The availability zone for the given region us-east-1 are [defaultZone]
2025-10-03 20:49:06.204 [main] DEBUG c.n.d.s.r.aws.ConfigClusterResolver - Config resolved to [AwsEndpoint{ serviceUrl='http://localhost:8761/eureka/', region='us-east-1', zone='defaultZone'}]
2025-10-03 20:49:06.206 [main] DEBUG c.n.d.s.r.a.ZoneAffinityClusterResolver - Local zone=defaultZone; resolved to: [AwsEndpoint{ serviceUrl='http://localhost:8761/eureka/', region='us-east-1', zone='defaultZone'}]
2025-10-03 20:49:06.253 [main] INFO  c.netflix.discovery.DiscoveryClient - Disable delta property : false
2025-10-03 20:49:06.253 [main] INFO  c.netflix.discovery.DiscoveryClient - Single vip registry refresh property : null
2025-10-03 20:49:06.253 [main] INFO  c.netflix.discovery.DiscoveryClient - Force full registry fetch : false
2025-10-03 20:49:06.253 [main] INFO  c.netflix.discovery.DiscoveryClient - Application is null : false
2025-10-03 20:49:06.253 [main] INFO  c.netflix.discovery.DiscoveryClient - Registered Applications size is zero : true
2025-10-03 20:49:06.253 [main] INFO  c.netflix.discovery.DiscoveryClient - Application version is -1: true
2025-10-03 20:49:06.253 [main] INFO  c.netflix.discovery.DiscoveryClient - Getting all instance registry info from the eureka server
2025-10-03 20:49:06.254 [main] DEBUG c.n.d.s.t.d.SessionedEurekaHttpClient - Ending a session and starting anew
2025-10-03 20:49:07.293 [main] DEBUG c.n.d.s.t.d.RedirectingEurekaHttpClient - Pinning to endpoint null
2025-10-03 20:49:07.296 [main] INFO  c.netflix.discovery.DiscoveryClient - The response status is 200
2025-10-03 20:49:07.298 [main] DEBUG c.netflix.discovery.DiscoveryClient - Got full registry with apps hashcode UP_2_
2025-10-03 20:49:07.298 [main] DEBUG c.netflix.discovery.DiscoveryClient - The total number of all instances in the client now is 2
2025-10-03 20:49:07.301 [main] INFO  c.netflix.discovery.DiscoveryClient - Starting heartbeat executor: renew interval is: 5
2025-10-03 20:49:07.307 [main] INFO  c.n.discovery.InstanceInfoReplicator - InstanceInfoReplicator onDemand update allowed rate per min is 4
2025-10-03 20:49:07.314 [main] INFO  c.netflix.discovery.DiscoveryClient - Discovery Client initialized at timestamp 1759504747313 with initial instances count: 2
2025-10-03 20:49:07.315 [DiscoveryClient-InstanceInfoReplicator-0] DEBUG c.n.discovery.InstanceInfoReplicator - Executing on-demand update of local InstanceInfo
2025-10-03 20:49:07.316 [DiscoveryClient-InstanceInfoReplicator-0] DEBUG c.n.discovery.InstanceInfoReplicator - Canceling the latest scheduled update, it will be rescheduled at the end of on demand update
2025-10-03 20:49:07.340 [main] INFO  o.s.c.n.e.s.EurekaServiceRegistry - Registering application USER-SERVICE with eureka with status UP
2025-10-03 20:49:07.342 [main] INFO  c.netflix.discovery.DiscoveryClient - Saw local status change event StatusChangeEvent [timestamp=1759504747342, current=UP, previous=STARTING]
2025-10-03 20:49:07.343 [main] WARN  c.n.discovery.InstanceInfoReplicator - Ignoring onDemand update due to rate limiter
2025-10-03 20:49:07.345 [main] INFO  o.a.coyote.http11.Http11NioProtocol - Starting ProtocolHandler ["http-nio-8080"]
2025-10-03 20:49:07.502 [main] INFO  o.s.b.w.e.tomcat.TomcatWebServer - Tomcat started on port 8080 (http) with context path ''
2025-10-03 20:49:07.503 [main] INFO  o.s.c.n.e.s.EurekaAutoServiceRegistration - Updating port to 8080
2025-10-03 20:49:08.022 [main] INFO  c.u.u.UserServiceApplication - Started UserServiceApplication in 28.598 seconds (process running for 30.151)
2025-10-03 20:49:12.311 [DiscoveryClient-HeartbeatExecutor-0] DEBUG c.n.d.s.t.d.SessionedEurekaHttpClient - Ending a session and starting anew
2025-10-03 20:49:12.740 [DiscoveryClient-HeartbeatExecutor-0] DEBUG c.n.d.s.t.d.RedirectingEurekaHttpClient - Pinning to endpoint null
2025-10-03 20:49:12.740 [DiscoveryClient-HeartbeatExecutor-0] DEBUG c.netflix.discovery.DiscoveryClient - DiscoveryClient_USER-SERVICE/user-service:e9b7af9de2a0b881ee4cdebaefff6442 - Heartbeat status: 404
2025-10-03 20:49:12.740 [DiscoveryClient-HeartbeatExecutor-0] INFO  c.netflix.discovery.DiscoveryClient - DiscoveryClient_USER-SERVICE/user-service:e9b7af9de2a0b881ee4cdebaefff6442 - Re-registering apps/USER-SERVICE
2025-10-03 20:49:12.740 [DiscoveryClient-HeartbeatExecutor-0] INFO  c.netflix.discovery.DiscoveryClient - DiscoveryClient_USER-SERVICE/user-service:e9b7af9de2a0b881ee4cdebaefff6442: registering service...
2025-10-03 20:49:12.950 [DiscoveryClient-HeartbeatExecutor-0] INFO  c.netflix.discovery.DiscoveryClient - DiscoveryClient_USER-SERVICE/user-service:e9b7af9de2a0b881ee4cdebaefff6442 - registration status: 204
2025-10-03 20:49:14.324 [DiscoveryClient-InstanceInfoReplicator-0] INFO  c.netflix.discovery.DiscoveryClient - Saw local status change event StatusChangeEvent [timestamp=1759504754324, current=DOWN, previous=UP]
2025-10-03 20:49:14.324 [DiscoveryClient-InstanceInfoReplicator-0] WARN  c.n.discovery.InstanceInfoReplicator - Ignoring onDemand update due to rate limiter
2025-10-03 20:49:14.325 [DiscoveryClient-InstanceInfoReplicator-0] INFO  c.netflix.discovery.DiscoveryClient - DiscoveryClient_USER-SERVICE/user-service:e9b7af9de2a0b881ee4cdebaefff6442: registering service...
2025-10-03 20:49:14.350 [DiscoveryClient-InstanceInfoReplicator-0] INFO  c.netflix.discovery.DiscoveryClient - DiscoveryClient_USER-SERVICE/user-service:e9b7af9de2a0b881ee4cdebaefff6442 - registration status: 204
2025-10-03 20:49:14.351 [DiscoveryClient-InstanceInfoReplicator-0] DEBUG c.n.discovery.InstanceInfoReplicator - Executing on-demand update of local InstanceInfo
2025-10-03 20:49:14.351 [DiscoveryClient-InstanceInfoReplicator-0] DEBUG c.n.discovery.InstanceInfoReplicator - Canceling the latest scheduled update, it will be rescheduled at the end of on demand update
2025-10-03 20:49:17.977 [DiscoveryClient-HeartbeatExecutor-0] DEBUG c.netflix.discovery.DiscoveryClient - DiscoveryClient_USER-SERVICE/user-service:e9b7af9de2a0b881ee4cdebaefff6442 - Heartbeat status: 200
2025-10-03 20:49:18.911 [DiscoveryClient-InstanceInfoReplicator-0] INFO  c.netflix.discovery.DiscoveryClient - Saw local status change event StatusChangeEvent [timestamp=1759504758911, current=UP, previous=DOWN]
2025-10-03 20:49:18.913 [DiscoveryClient-InstanceInfoReplicator-0] WARN  c.n.discovery.InstanceInfoReplicator - Ignoring onDemand update due to rate limiter
2025-10-03 20:49:18.914 [DiscoveryClient-InstanceInfoReplicator-0] INFO  c.netflix.discovery.DiscoveryClient - DiscoveryClient_USER-SERVICE/user-service:e9b7af9de2a0b881ee4cdebaefff6442: registering service...
2025-10-03 20:49:18.936 [DiscoveryClient-InstanceInfoReplicator-0] INFO  c.netflix.discovery.DiscoveryClient - DiscoveryClient_USER-SERVICE/user-service:e9b7af9de2a0b881ee4cdebaefff6442 - registration status: 204
2025-10-03 20:49:23.016 [DiscoveryClient-HeartbeatExecutor-0] DEBUG c.netflix.discovery.DiscoveryClient - DiscoveryClient_USER-SERVICE/user-service:e9b7af9de2a0b881ee4cdebaefff6442 - Heartbeat status: 200
2025-10-03 20:49:28.054 [DiscoveryClient-HeartbeatExecutor-0] DEBUG c.netflix.discovery.DiscoveryClient - DiscoveryClient_USER-SERVICE/user-service:e9b7af9de2a0b881ee4cdebaefff6442 - Heartbeat status: 200
2025-10-03 20:49:33.098 [DiscoveryClient-HeartbeatExecutor-0] DEBUG c.netflix.discovery.DiscoveryClient - DiscoveryClient_USER-SERVICE/user-service:e9b7af9de2a0b881ee4cdebaefff6442 - Heartbeat status: 200
2025-10-03 20:49:37.350 [DiscoveryClient-CacheRefreshExecutor-0] DEBUG c.netflix.discovery.DiscoveryClient - Got delta update with apps hashcode UP_3_
2025-10-03 20:49:37.352 [DiscoveryClient-CacheRefreshExecutor-0] DEBUG c.netflix.discovery.DiscoveryClient - Added instance user-service:e9b7af9de2a0b881ee4cdebaefff6442 to the existing apps in region null
2025-10-03 20:49:37.353 [DiscoveryClient-CacheRefreshExecutor-0] DEBUG c.netflix.discovery.DiscoveryClient - The total number of instances fetched by the delta processor : 1
2025-10-03 20:49:37.356 [DiscoveryClient-CacheRefreshExecutor-0] DEBUG c.netflix.discovery.DiscoveryClient - The total number of all instances in the client now is 3
2025-10-03 20:49:37.359 [DiscoveryClient-CacheRefreshExecutor-0] DEBUG c.netflix.discovery.DiscoveryClient - Completed cache refresh task for discovery. All Apps hash code is Local region apps hashcode: UP_3_, is fetching remote regions? false 
2025-10-03 20:49:38.127 [DiscoveryClient-HeartbeatExecutor-0] DEBUG c.netflix.discovery.DiscoveryClient - DiscoveryClient_USER-SERVICE/user-service:e9b7af9de2a0b881ee4cdebaefff6442 - Heartbeat status: 200
2025-10-03 20:49:43.161 [DiscoveryClient-HeartbeatExecutor-0] DEBUG c.netflix.discovery.DiscoveryClient - DiscoveryClient_USER-SERVICE/user-service:e9b7af9de2a0b881ee4cdebaefff6442 - Heartbeat status: 200
2025-10-03 20:49:48.195 [DiscoveryClient-HeartbeatExecutor-0] DEBUG c.netflix.discovery.DiscoveryClient - DiscoveryClient_USER-SERVICE/user-service:e9b7af9de2a0b881ee4cdebaefff6442 - Heartbeat status: 200
2025-10-03 20:49:53.223 [DiscoveryClient-HeartbeatExecutor-0] DEBUG c.netflix.discovery.DiscoveryClient - DiscoveryClient_USER-SERVICE/user-service:e9b7af9de2a0b881ee4cdebaefff6442 - Heartbeat status: 200
2025-10-03 20:49:58.263 [DiscoveryClient-HeartbeatExecutor-0] DEBUG c.netflix.discovery.DiscoveryClient - DiscoveryClient_USER-SERVICE/user-service:e9b7af9de2a0b881ee4cdebaefff6442 - Heartbeat status: 200
2025-10-03 20:50:03.299 [DiscoveryClient-HeartbeatExecutor-0] DEBUG c.netflix.discovery.DiscoveryClient - DiscoveryClient_USER-SERVICE/user-service:e9b7af9de2a0b881ee4cdebaefff6442 - Heartbeat status: 200
2025-10-03 20:50:07.400 [DiscoveryClient-CacheRefreshExecutor-0] DEBUG c.netflix.discovery.DiscoveryClient - Got delta update with apps hashcode UP_3_
2025-10-03 20:50:07.402 [DiscoveryClient-CacheRefreshExecutor-0] DEBUG c.netflix.discovery.DiscoveryClient - Added instance user-service:e9b7af9de2a0b881ee4cdebaefff6442 to the existing apps in region null
2025-10-03 20:50:07.402 [DiscoveryClient-CacheRefreshExecutor-0] DEBUG c.netflix.discovery.DiscoveryClient - The total number of instances fetched by the delta processor : 1
2025-10-03 20:50:07.404 [DiscoveryClient-CacheRefreshExecutor-0] DEBUG c.netflix.discovery.DiscoveryClient - The total number of all instances in the client now is 3
2025-10-03 20:50:07.405 [DiscoveryClient-CacheRefreshExecutor-0] DEBUG c.netflix.discovery.DiscoveryClient - Completed cache refresh task for discovery. All Apps hash code is Local region apps hashcode: UP_3_, is fetching remote regions? false 
2025-10-03 20:50:08.323 [DiscoveryClient-HeartbeatExecutor-0] DEBUG c.netflix.discovery.DiscoveryClient - DiscoveryClient_USER-SERVICE/user-service:e9b7af9de2a0b881ee4cdebaefff6442 - Heartbeat status: 200
2025-10-03 20:50:13.363 [DiscoveryClient-HeartbeatExecutor-0] DEBUG c.netflix.discovery.DiscoveryClient - DiscoveryClient_USER-SERVICE/user-service:e9b7af9de2a0b881ee4cdebaefff6442 - Heartbeat status: 200
2025-10-03 20:50:18.402 [DiscoveryClient-HeartbeatExecutor-0] DEBUG c.netflix.discovery.DiscoveryClient - DiscoveryClient_USER-SERVICE/user-service:e9b7af9de2a0b881ee4cdebaefff6442 - Heartbeat status: 200
2025-10-03 20:50:23.435 [DiscoveryClient-HeartbeatExecutor-0] DEBUG c.netflix.discovery.DiscoveryClient - DiscoveryClient_USER-SERVICE/user-service:e9b7af9de2a0b881ee4cdebaefff6442 - Heartbeat status: 200
2025-10-03 20:50:28.478 [DiscoveryClient-HeartbeatExecutor-0] DEBUG c.netflix.discovery.DiscoveryClient - DiscoveryClient_USER-SERVICE/user-service:e9b7af9de2a0b881ee4cdebaefff6442 - Heartbeat status: 200
2025-10-03 20:50:33.613 [DiscoveryClient-HeartbeatExecutor-0] DEBUG c.netflix.discovery.DiscoveryClient - DiscoveryClient_USER-SERVICE/user-service:e9b7af9de2a0b881ee4cdebaefff6442 - Heartbeat status: 200
2025-10-03 20:50:37.437 [DiscoveryClient-CacheRefreshExecutor-0] DEBUG c.netflix.discovery.DiscoveryClient - Got delta update with apps hashcode UP_3_
2025-10-03 20:50:37.438 [DiscoveryClient-CacheRefreshExecutor-0] DEBUG c.netflix.discovery.DiscoveryClient - Added instance user-service:e9b7af9de2a0b881ee4cdebaefff6442 to the existing apps in region null
2025-10-03 20:50:37.439 [DiscoveryClient-CacheRefreshExecutor-0] DEBUG c.netflix.discovery.DiscoveryClient - The total number of instances fetched by the delta processor : 1
2025-10-03 20:50:37.440 [DiscoveryClient-CacheRefreshExecutor-0] DEBUG c.netflix.discovery.DiscoveryClient - The total number of all instances in the client now is 3
2025-10-03 20:50:37.441 [DiscoveryClient-CacheRefreshExecutor-0] DEBUG c.netflix.discovery.DiscoveryClient - Completed cache refresh task for discovery. All Apps hash code is Local region apps hashcode: UP_3_, is fetching remote regions? false 
2025-10-03 20:50:38.628 [DiscoveryClient-HeartbeatExecutor-0] DEBUG c.netflix.discovery.DiscoveryClient - DiscoveryClient_USER-SERVICE/user-service:e9b7af9de2a0b881ee4cdebaefff6442 - Heartbeat status: 200
2025-10-03 20:50:43.654 [DiscoveryClient-HeartbeatExecutor-0] DEBUG c.netflix.discovery.DiscoveryClient - DiscoveryClient_USER-SERVICE/user-service:e9b7af9de2a0b881ee4cdebaefff6442 - Heartbeat status: 200
2025-10-03 20:50:48.760 [DiscoveryClient-HeartbeatExecutor-0] DEBUG c.netflix.discovery.DiscoveryClient - DiscoveryClient_USER-SERVICE/user-service:e9b7af9de2a0b881ee4cdebaefff6442 - Heartbeat status: 200
2025-10-03 20:50:53.938 [DiscoveryClient-HeartbeatExecutor-0] DEBUG c.netflix.discovery.DiscoveryClient - DiscoveryClient_USER-SERVICE/user-service:e9b7af9de2a0b881ee4cdebaefff6442 - Heartbeat status: 200
2025-10-03 20:50:56.169 [http-nio-8080-exec-1] INFO  o.a.c.c.C.[Tomcat].[localhost].[/] - Initializing Spring DispatcherServlet 'dispatcherServlet'
2025-10-03 20:50:56.169 [http-nio-8080-exec-1] INFO  o.s.web.servlet.DispatcherServlet - Initializing Servlet 'dispatcherServlet'
2025-10-03 20:50:56.176 [http-nio-8080-exec-1] INFO  o.s.web.servlet.DispatcherServlet - Completed initialization in 6 ms
2025-10-03 20:50:56.232 [http-nio-8080-exec-1] DEBUG o.s.security.web.FilterChainProxy - Securing POST /api/email-auth/send-otp
2025-10-03 20:50:56.265 [http-nio-8080-exec-1] DEBUG o.s.s.w.a.AnonymousAuthenticationFilter - Set SecurityContextHolder to anonymous SecurityContext
2025-10-03 20:50:56.280 [http-nio-8080-exec-1] DEBUG o.s.security.web.FilterChainProxy - Secured POST /api/email-auth/send-otp
2025-10-03 20:50:56.297 [http-nio-8080-exec-1] DEBUG o.s.o.j.s.OpenEntityManagerInViewInterceptor - Opening JPA EntityManager in OpenEntityManagerInViewInterceptor
2025-10-03 20:50:57.711 [http-nio-8080-exec-1] INFO  c.u.u.service.EmailAuthService - [7b49b965-3d6f-49e2-bf1b-9018f3558c45] Starting OTP send process for email: c***@gmail.com
2025-10-03 20:50:57.711 [http-nio-8080-exec-1] INFO  c.u.u.service.EmailAuthService - [7b49b965-3d6f-49e2-bf1b-9018f3558c45] Generated OTP for email: c***@gmail.com (length: 6)
2025-10-03 20:50:59.013 [DiscoveryClient-HeartbeatExecutor-0] DEBUG c.netflix.discovery.DiscoveryClient - DiscoveryClient_USER-SERVICE/user-service:e9b7af9de2a0b881ee4cdebaefff6442 - Heartbeat status: 200
2025-10-03 20:51:03.467 [http-nio-8080-exec-1] INFO  c.u.u.service.EmailAuthService - [7b49b965-3d6f-49e2-bf1b-9018f3558c45] OTP email sent successfully to: c***@gmail.com
2025-10-03 20:51:03.481 [http-nio-8080-exec-1] INFO  c.u.u.service.OtpCacheService - [6e700be7] Creating OTP session for email: c***@gmail.com with TTL: 300s
2025-10-03 20:51:03.598 [http-nio-8080-exec-1] DEBUG o.s.d.r.core.RedisConnectionUtils - Fetching Redis Connection from RedisConnectionFactory
2025-10-03 20:51:04.266 [DiscoveryClient-HeartbeatExecutor-0] DEBUG c.netflix.discovery.DiscoveryClient - DiscoveryClient_USER-SERVICE/user-service:e9b7af9de2a0b881ee4cdebaefff6442 - Heartbeat status: 200
2025-10-03 20:51:04.691 [http-nio-8080-exec-1] DEBUG o.s.d.r.core.RedisConnectionUtils - Closing Redis Connection
2025-10-03 20:51:04.692 [http-nio-8080-exec-1] DEBUG o.s.d.r.core.RedisConnectionUtils - Fetching Redis Connection from RedisConnectionFactory
2025-10-03 20:51:04.698 [http-nio-8080-exec-1] DEBUG o.s.d.r.core.RedisConnectionUtils - Closing Redis Connection
2025-10-03 20:51:04.698 [http-nio-8080-exec-1] DEBUG o.s.d.r.core.RedisConnectionUtils - Fetching Redis Connection from RedisConnectionFactory
2025-10-03 20:51:04.705 [http-nio-8080-exec-1] DEBUG o.s.d.r.core.RedisConnectionUtils - Closing Redis Connection
2025-10-03 20:51:04.715 [http-nio-8080-exec-1] DEBUG o.s.d.r.core.RedisConnectionUtils - Fetching Redis Connection from RedisConnectionFactory
2025-10-03 20:51:04.744 [http-nio-8080-exec-1] DEBUG o.s.d.r.core.RedisConnectionUtils - Closing Redis Connection
2025-10-03 20:51:04.745 [http-nio-8080-exec-1] INFO  c.u.u.service.OtpCacheService - [6e700be7] OTP session created successfully - SessionID: d00907c9-5bae-460c-9165-03af24b1c9e4, Expires in: 300s
2025-10-03 20:51:04.746 [http-nio-8080-exec-1] INFO  c.u.u.service.EmailAuthService - [7b49b965-3d6f-49e2-bf1b-9018f3558c45] Created OTP session: d00907c9-5bae-460c-9165-03af24b1c9e4 for email: c***@gmail.com
2025-10-03 20:51:04.747 [http-nio-8080-exec-1] INFO  c.u.u.service.EmailAuthService - [7b49b965-3d6f-49e2-bf1b-9018f3558c45] OTP send process completed successfully for email: c***@gmail.com
2025-10-03 20:51:05.010 [http-nio-8080-exec-1] DEBUG o.s.o.j.s.OpenEntityManagerInViewInterceptor - Closing JPA EntityManager in OpenEntityManagerInViewInterceptor
2025-10-03 20:51:07.606 [DiscoveryClient-CacheRefreshExecutor-0] DEBUG c.netflix.discovery.DiscoveryClient - Got delta update with apps hashcode UP_2_
2025-10-03 20:51:07.606 [DiscoveryClient-CacheRefreshExecutor-0] DEBUG c.netflix.discovery.DiscoveryClient - Added instance user-service:e9b7af9de2a0b881ee4cdebaefff6442 to the existing apps in region null
2025-10-03 20:51:07.607 [DiscoveryClient-CacheRefreshExecutor-0] DEBUG c.netflix.discovery.DiscoveryClient - Deleted instance SridharUduthala:api-gateway:8080 to the existing apps 
2025-10-03 20:51:07.607 [DiscoveryClient-CacheRefreshExecutor-0] DEBUG c.netflix.discovery.DiscoveryClient - The total number of instances fetched by the delta processor : 2
2025-10-03 20:51:07.607 [DiscoveryClient-CacheRefreshExecutor-0] DEBUG c.netflix.discovery.DiscoveryClient - The total number of all instances in the client now is 2
2025-10-03 20:51:07.608 [DiscoveryClient-CacheRefreshExecutor-0] DEBUG c.netflix.discovery.DiscoveryClient - Completed cache refresh task for discovery. All Apps hash code is Local region apps hashcode: UP_2_, is fetching remote regions? false 
2025-10-03 20:51:09.281 [DiscoveryClient-HeartbeatExecutor-0] DEBUG c.netflix.discovery.DiscoveryClient - DiscoveryClient_USER-SERVICE/user-service:e9b7af9de2a0b881ee4cdebaefff6442 - Heartbeat status: 200
2025-10-03 20:51:14.340 [DiscoveryClient-HeartbeatExecutor-0] DEBUG c.netflix.discovery.DiscoveryClient - DiscoveryClient_USER-SERVICE/user-service:e9b7af9de2a0b881ee4cdebaefff6442 - Heartbeat status: 200
2025-10-03 20:51:19.375 [DiscoveryClient-HeartbeatExecutor-0] DEBUG c.netflix.discovery.DiscoveryClient - DiscoveryClient_USER-SERVICE/user-service:e9b7af9de2a0b881ee4cdebaefff6442 - Heartbeat status: 200
2025-10-03 20:51:24.401 [DiscoveryClient-HeartbeatExecutor-0] DEBUG c.netflix.discovery.DiscoveryClient - DiscoveryClient_USER-SERVICE/user-service:e9b7af9de2a0b881ee4cdebaefff6442 - Heartbeat status: 200
2025-10-03 20:51:29.437 [DiscoveryClient-HeartbeatExecutor-0] DEBUG c.netflix.discovery.DiscoveryClient - DiscoveryClient_USER-SERVICE/user-service:e9b7af9de2a0b881ee4cdebaefff6442 - Heartbeat status: 200
2025-10-03 20:51:34.470 [DiscoveryClient-HeartbeatExecutor-0] DEBUG c.netflix.discovery.DiscoveryClient - DiscoveryClient_USER-SERVICE/user-service:e9b7af9de2a0b881ee4cdebaefff6442 - Heartbeat status: 200
2025-10-03 20:51:37.634 [DiscoveryClient-CacheRefreshExecutor-0] DEBUG c.netflix.discovery.DiscoveryClient - Got delta update with apps hashcode UP_2_
2025-10-03 20:51:37.634 [DiscoveryClient-CacheRefreshExecutor-0] DEBUG c.netflix.discovery.DiscoveryClient - Added instance user-service:e9b7af9de2a0b881ee4cdebaefff6442 to the existing apps in region null
2025-10-03 20:51:37.634 [DiscoveryClient-CacheRefreshExecutor-0] DEBUG c.netflix.discovery.DiscoveryClient - The total number of instances fetched by the delta processor : 2
2025-10-03 20:51:37.635 [DiscoveryClient-CacheRefreshExecutor-0] DEBUG c.netflix.discovery.DiscoveryClient - The total number of all instances in the client now is 2
2025-10-03 20:51:37.635 [DiscoveryClient-CacheRefreshExecutor-0] DEBUG c.netflix.discovery.DiscoveryClient - Completed cache refresh task for discovery. All Apps hash code is Local region apps hashcode: UP_2_, is fetching remote regions? false 
2025-10-03 20:51:39.479 [DiscoveryClient-HeartbeatExecutor-0] DEBUG c.netflix.discovery.DiscoveryClient - DiscoveryClient_USER-SERVICE/user-service:e9b7af9de2a0b881ee4cdebaefff6442 - Heartbeat status: 200
2025-10-03 20:51:44.518 [DiscoveryClient-HeartbeatExecutor-0] DEBUG c.netflix.discovery.DiscoveryClient - DiscoveryClient_USER-SERVICE/user-service:e9b7af9de2a0b881ee4cdebaefff6442 - Heartbeat status: 200
2025-10-03 20:51:49.539 [DiscoveryClient-HeartbeatExecutor-0] DEBUG c.netflix.discovery.DiscoveryClient - DiscoveryClient_USER-SERVICE/user-service:e9b7af9de2a0b881ee4cdebaefff6442 - Heartbeat status: 200
2025-10-03 20:51:54.564 [DiscoveryClient-HeartbeatExecutor-0] DEBUG c.netflix.discovery.DiscoveryClient - DiscoveryClient_USER-SERVICE/user-service:e9b7af9de2a0b881ee4cdebaefff6442 - Heartbeat status: 200
2025-10-03 20:51:59.590 [DiscoveryClient-HeartbeatExecutor-0] DEBUG c.netflix.discovery.DiscoveryClient - DiscoveryClient_USER-SERVICE/user-service:e9b7af9de2a0b881ee4cdebaefff6442 - Heartbeat status: 200
2025-10-03 20:51:59.945 [http-nio-8080-exec-3] DEBUG o.s.security.web.FilterChainProxy - Securing POST /api/email-auth/verify-otp
2025-10-03 20:51:59.949 [http-nio-8080-exec-3] DEBUG o.s.s.w.a.AnonymousAuthenticationFilter - Set SecurityContextHolder to anonymous SecurityContext
2025-10-03 20:51:59.950 [http-nio-8080-exec-3] DEBUG o.s.security.web.FilterChainProxy - Secured POST /api/email-auth/verify-otp
2025-10-03 20:51:59.952 [http-nio-8080-exec-3] DEBUG o.s.o.j.s.OpenEntityManagerInViewInterceptor - Opening JPA EntityManager in OpenEntityManagerInViewInterceptor
2025-10-03 20:51:59.959 [http-nio-8080-exec-3] INFO  c.u.u.service.EmailAuthService - [0409b2a4-1fac-4411-97b0-ca51424f2c90] Starting OTP verification for email: c***@gmail.com, session: d00907c9-5bae-460c-9165-03af24b1c9e4, otp: ***62
2025-10-03 20:51:59.960 [http-nio-8080-exec-3] INFO  c.u.u.service.EmailAuthService - [0409b2a4-1fac-4411-97b0-ca51424f2c90] Parsing session ID: d00907c9-5bae-460c-9165-03af24b1c9e4
2025-10-03 20:51:59.960 [http-nio-8080-exec-3] INFO  c.u.u.service.EmailAuthService - [0409b2a4-1fac-4411-97b0-ca51424f2c90] Verifying OTP with cache service for email: c***@gmail.com
2025-10-03 20:51:59.961 [http-nio-8080-exec-3] INFO  c.u.u.service.OtpCacheService - [f02805f1] Starting OTP verification - SessionID: d00907c9-5bae-460c-9165-03af24b1c9e4, Email: c***@gmail.com, OTP: ***62
2025-10-03 20:51:59.964 [http-nio-8080-exec-3] DEBUG o.s.d.r.core.RedisConnectionUtils - Fetching Redis Connection from RedisConnectionFactory
2025-10-03 20:51:59.996 [http-nio-8080-exec-3] DEBUG o.s.d.r.core.RedisConnectionUtils - Closing Redis Connection
2025-10-03 20:51:59.997 [http-nio-8080-exec-3] INFO  c.u.u.service.OtpCacheService - [f02805f1] OTP validation successful, consuming session
2025-10-03 20:51:59.998 [http-nio-8080-exec-3] DEBUG o.s.d.r.core.RedisConnectionUtils - Fetching Redis Connection from RedisConnectionFactory
2025-10-03 20:52:00.022 [http-nio-8080-exec-3] DEBUG o.s.d.r.core.RedisConnectionUtils - Closing Redis Connection
2025-10-03 20:52:00.025 [http-nio-8080-exec-3] INFO  c.u.u.service.OtpCacheService - [f02805f1] OTP verified and consumed successfully for email: c***@gmail.com
2025-10-03 20:52:00.026 [http-nio-8080-exec-3] INFO  c.u.u.service.EmailAuthService - [0409b2a4-1fac-4411-97b0-ca51424f2c90] OTP verified successfully for email: c***@gmail.com
2025-10-03 20:52:00.026 [http-nio-8080-exec-3] INFO  c.u.u.service.EmailAuthService - [0409b2a4-1fac-4411-97b0-ca51424f2c90] Checking if user exists in database: c***@gmail.com
2025-10-03 20:52:00.451 [http-nio-8080-exec-3] DEBUG org.hibernate.SQL - select ue1_0.id from user_entity ue1_0 where ue1_0.email=? fetch first ? rows only
2025-10-03 20:52:00.504 [http-nio-8080-exec-3] INFO  c.u.u.service.EmailAuthService - [0409b2a4-1fac-4411-97b0-ca51424f2c90] User exists check result for c***@gmail.com: true
2025-10-03 20:52:00.504 [http-nio-8080-exec-3] INFO  c.u.u.service.EmailAuthService - [0409b2a4-1fac-4411-97b0-ca51424f2c90] Admin login detected for email: c***@gmail.com
2025-10-03 20:52:00.504 [http-nio-8080-exec-3] INFO  c.u.u.service.EmailAuthService - [0409b2a4-1fac-4411-97b0-ca51424f2c90] Fetching admin user details
2025-10-03 20:52:00.577 [http-nio-8080-exec-3] DEBUG org.hibernate.SQL - select ue1_0.id,ue1_0.address,ue1_0.alternate_phone,ue1_0.biography,ue1_0.country_code,ue1_0.created_at,ue1_0.email,ue1_0.email_verified,ue1_0.facebook,ue1_0.failed_login_attempts,ue1_0.full_name,ue1_0.instagram,ue1_0.internshala,ue1_0.is_active,ue1_0.language,ue1_0.last_login_at,ue1_0.linkedin,ue1_0.lockout_until,ue1_0.password,ue1_0.phone,ue1_0.photo,ue1_0.role,ue1_0.updated_at from user_entity ue1_0 where ue1_0.email=?
2025-10-03 20:52:00.609 [http-nio-8080-exec-3] INFO  c.u.u.service.EmailAuthService - [0409b2a4-1fac-4411-97b0-ca51424f2c90] Admin user fetched - Role: ADMIN, Active: true
2025-10-03 20:52:00.609 [http-nio-8080-exec-3] INFO  c.u.u.service.EmailAuthService - [0409b2a4-1fac-4411-97b0-ca51424f2c90] Generating JWT tokens for admin
2025-10-03 20:52:00.699 [http-nio-8080-exec-3] INFO  c.u.u.service.EmailAuthService - [0409b2a4-1fac-4411-97b0-ca51424f2c90] JWT tokens generated for admin (access token length: 255)
2025-10-03 20:52:00.703 [http-nio-8080-exec-3] DEBUG org.hibernate.SQL - select ue1_0.id,ue1_0.address,ue1_0.alternate_phone,ue1_0.biography,ue1_0.country_code,ue1_0.created_at,ue1_0.email,ue1_0.email_verified,ue1_0.facebook,ue1_0.failed_login_attempts,ue1_0.full_name,ue1_0.instagram,ue1_0.internshala,ue1_0.is_active,ue1_0.language,ue1_0.last_login_at,ue1_0.linkedin,ue1_0.lockout_until,ue1_0.password,ue1_0.phone,ue1_0.photo,ue1_0.role,ue1_0.updated_at from user_entity ue1_0 where ue1_0.email=?
2025-10-03 20:52:00.710 [http-nio-8080-exec-3] INFO  c.u.u.service.EmailAuthService - [0409b2a4-1fac-4411-97b0-ca51424f2c90] Admin login completed successfully
2025-10-03 20:52:00.721 [http-nio-8080-exec-3] DEBUG o.s.o.j.s.OpenEntityManagerInViewInterceptor - Closing JPA EntityManager in OpenEntityManagerInViewInterceptor
2025-10-03 20:52:04.617 [DiscoveryClient-HeartbeatExecutor-0] DEBUG c.netflix.discovery.DiscoveryClient - DiscoveryClient_USER-SERVICE/user-service:e9b7af9de2a0b881ee4cdebaefff6442 - Heartbeat status: 200
2025-10-03 20:52:07.669 [DiscoveryClient-CacheRefreshExecutor-0] DEBUG c.netflix.discovery.DiscoveryClient - Got delta update with apps hashcode UP_2_
2025-10-03 20:52:07.670 [DiscoveryClient-CacheRefreshExecutor-0] DEBUG c.netflix.discovery.DiscoveryClient - Added instance user-service:e9b7af9de2a0b881ee4cdebaefff6442 to the existing apps in region null
2025-10-03 20:52:07.670 [DiscoveryClient-CacheRefreshExecutor-0] DEBUG c.netflix.discovery.DiscoveryClient - The total number of instances fetched by the delta processor : 2
2025-10-03 20:52:07.670 [DiscoveryClient-CacheRefreshExecutor-0] DEBUG c.netflix.discovery.DiscoveryClient - The total number of all instances in the client now is 2
2025-10-03 20:52:07.670 [DiscoveryClient-CacheRefreshExecutor-0] DEBUG c.netflix.discovery.DiscoveryClient - Completed cache refresh task for discovery. All Apps hash code is Local region apps hashcode: UP_2_, is fetching remote regions? false 
2025-10-03 20:52:09.629 [DiscoveryClient-HeartbeatExecutor-0] DEBUG c.netflix.discovery.DiscoveryClient - DiscoveryClient_USER-SERVICE/user-service:e9b7af9de2a0b881ee4cdebaefff6442 - Heartbeat status: 200
2025-10-03 20:52:14.671 [DiscoveryClient-HeartbeatExecutor-0] DEBUG c.netflix.discovery.DiscoveryClient - DiscoveryClient_USER-SERVICE/user-service:e9b7af9de2a0b881ee4cdebaefff6442 - Heartbeat status: 200
2025-10-03 20:52:19.705 [DiscoveryClient-HeartbeatExecutor-0] DEBUG c.netflix.discovery.DiscoveryClient - DiscoveryClient_USER-SERVICE/user-service:e9b7af9de2a0b881ee4cdebaefff6442 - Heartbeat status: 200
2025-10-03 20:52:24.732 [DiscoveryClient-HeartbeatExecutor-0] DEBUG c.netflix.discovery.DiscoveryClient - DiscoveryClient_USER-SERVICE/user-service:e9b7af9de2a0b881ee4cdebaefff6442 - Heartbeat status: 200
2025-10-03 20:52:29.764 [DiscoveryClient-HeartbeatExecutor-0] DEBUG c.netflix.discovery.DiscoveryClient - DiscoveryClient_USER-SERVICE/user-service:e9b7af9de2a0b881ee4cdebaefff6442 - Heartbeat status: 200
2025-10-03 20:52:34.792 [DiscoveryClient-HeartbeatExecutor-0] DEBUG c.netflix.discovery.DiscoveryClient - DiscoveryClient_USER-SERVICE/user-service:e9b7af9de2a0b881ee4cdebaefff6442 - Heartbeat status: 200
2025-10-03 20:52:37.692 [DiscoveryClient-CacheRefreshExecutor-0] DEBUG c.netflix.discovery.DiscoveryClient - Got delta update with apps hashcode UP_2_
2025-10-03 20:52:37.693 [DiscoveryClient-CacheRefreshExecutor-0] DEBUG c.netflix.discovery.DiscoveryClient - Added instance user-service:e9b7af9de2a0b881ee4cdebaefff6442 to the existing apps in region null
2025-10-03 20:52:37.693 [DiscoveryClient-CacheRefreshExecutor-0] DEBUG c.netflix.discovery.DiscoveryClient - The total number of instances fetched by the delta processor : 2
2025-10-03 20:52:37.693 [DiscoveryClient-CacheRefreshExecutor-0] DEBUG c.netflix.discovery.DiscoveryClient - The total number of all instances in the client now is 2
2025-10-03 20:52:37.694 [DiscoveryClient-CacheRefreshExecutor-0] DEBUG c.netflix.discovery.DiscoveryClient - Completed cache refresh task for discovery. All Apps hash code is Local region apps hashcode: UP_2_, is fetching remote regions? false 
2025-10-03 20:52:39.818 [DiscoveryClient-HeartbeatExecutor-0] DEBUG c.netflix.discovery.DiscoveryClient - DiscoveryClient_USER-SERVICE/user-service:e9b7af9de2a0b881ee4cdebaefff6442 - Heartbeat status: 200
2025-10-03 20:52:44.849 [DiscoveryClient-HeartbeatExecutor-0] DEBUG c.netflix.discovery.DiscoveryClient - DiscoveryClient_USER-SERVICE/user-service:e9b7af9de2a0b881ee4cdebaefff6442 - Heartbeat status: 200
2025-10-03 20:52:48.686 [http-nio-8080-exec-5] DEBUG o.s.security.web.FilterChainProxy - Securing GET /api/admin/all-users-details
2025-10-03 20:52:48.759 [http-nio-8080-exec-5] DEBUG o.s.security.web.FilterChainProxy - Secured GET /api/admin/all-users-details
2025-10-03 20:52:48.761 [http-nio-8080-exec-5] DEBUG o.s.o.j.s.OpenEntityManagerInViewInterceptor - Opening JPA EntityManager in OpenEntityManagerInViewInterceptor
2025-10-03 20:52:48.770 [http-nio-8080-exec-5] DEBUG o.s.s.a.m.AuthorizationManagerBeforeMethodInterceptor - Authorizing method invocation ReflectiveMethodInvocation: public org.springframework.http.ResponseEntity com.userservice.userservice.controller.AdminController.getAllUsers(jakarta.servlet.http.HttpServletRequest); target is of class [com.userservice.userservice.controller.AdminController]
2025-10-03 20:52:48.882 [http-nio-8080-exec-5] DEBUG o.s.s.a.m.AuthorizationManagerBeforeMethodInterceptor - Authorized method invocation ReflectiveMethodInvocation: public org.springframework.http.ResponseEntity com.userservice.userservice.controller.AdminController.getAllUsers(jakarta.servlet.http.HttpServletRequest); target is of class [com.userservice.userservice.controller.AdminController]
2025-10-03 20:52:48.883 [http-nio-8080-exec-5] INFO  c.u.u.controller.AdminController - [9f681246-f6cd-404b-9028-40d895c834b5] 🔐 Admin endpoint accessed - GET /all-users-details
2025-10-03 20:52:48.883 [http-nio-8080-exec-5] INFO  c.u.u.controller.AdminController - [9f681246-f6cd-404b-9028-40d895c834b5] Request details - IP: 0:0:0:0:0:0:0:1, User-Agent: PostmanRuntime/7.48.0, Auth Header: Bearer ***wc2AhAQF2I
2025-10-03 20:52:48.885 [http-nio-8080-exec-5] INFO  c.u.u.controller.AdminController - [9f681246-f6cd-404b-9028-40d895c834b5] 🔐 Authentication context - Principal: cyberlearnixprivatelimited@gmail.com, Authorities: [ROLE_ADMIN], Authenticated: true
2025-10-03 20:52:48.885 [http-nio-8080-exec-5] INFO  c.u.userservice.service.UserService - Fetching all users from database
2025-10-03 20:52:48.901 [http-nio-8080-exec-5] DEBUG o.s.orm.jpa.JpaTransactionManager - Found thread-bound EntityManager [SessionImpl(1530735042<open>)] for JPA transaction
2025-10-03 20:52:48.905 [http-nio-8080-exec-5] DEBUG o.s.orm.jpa.JpaTransactionManager - Creating new transaction with name [org.springframework.data.jpa.repository.support.SimpleJpaRepository.findAll]: PROPAGATION_REQUIRED,ISOLATION_DEFAULT,readOnly
2025-10-03 20:52:48.915 [http-nio-8080-exec-5] DEBUG o.s.orm.jpa.JpaTransactionManager - Exposing JPA transaction as JDBC [org.springframework.orm.jpa.vendor.HibernateJpaDialect$HibernateConnectionHandle@3d01b802]
2025-10-03 20:52:48.933 [http-nio-8080-exec-5] DEBUG org.hibernate.SQL - select ue1_0.id,ue1_0.address,ue1_0.alternate_phone,ue1_0.biography,ue1_0.country_code,ue1_0.created_at,ue1_0.email,ue1_0.email_verified,ue1_0.facebook,ue1_0.failed_login_attempts,ue1_0.full_name,ue1_0.instagram,ue1_0.internshala,ue1_0.is_active,ue1_0.language,ue1_0.last_login_at,ue1_0.linkedin,ue1_0.lockout_until,ue1_0.password,ue1_0.phone,ue1_0.photo,ue1_0.role,ue1_0.updated_at from user_entity ue1_0
2025-10-03 20:52:48.940 [http-nio-8080-exec-5] DEBUG o.s.orm.jpa.JpaTransactionManager - Initiating transaction commit
2025-10-03 20:52:48.941 [http-nio-8080-exec-5] DEBUG o.s.orm.jpa.JpaTransactionManager - Committing JPA transaction on EntityManager [SessionImpl(1530735042<open>)]
2025-10-03 20:52:48.945 [http-nio-8080-exec-5] DEBUG o.s.orm.jpa.JpaTransactionManager - Not closing pre-bound JPA EntityManager after transaction
2025-10-03 20:52:48.945 [http-nio-8080-exec-5] INFO  c.u.userservice.service.UserService - Found 2 users in database
2025-10-03 20:52:48.946 [http-nio-8080-exec-5] INFO  c.u.u.controller.AdminController - [9f681246-f6cd-404b-9028-40d895c834b5] Successfully retrieved 2 users
2025-10-03 20:52:48.952 [http-nio-8080-exec-5] DEBUG o.s.o.j.s.OpenEntityManagerInViewInterceptor - Closing JPA EntityManager in OpenEntityManagerInViewInterceptor
2025-10-03 20:52:49.882 [DiscoveryClient-HeartbeatExecutor-0] DEBUG c.netflix.discovery.DiscoveryClient - DiscoveryClient_USER-SERVICE/user-service:e9b7af9de2a0b881ee4cdebaefff6442 - Heartbeat status: 200
2025-10-03 20:52:54.921 [DiscoveryClient-HeartbeatExecutor-0] DEBUG c.netflix.discovery.DiscoveryClient - DiscoveryClient_USER-SERVICE/user-service:e9b7af9de2a0b881ee4cdebaefff6442 - Heartbeat status: 200
2025-10-03 20:52:59.942 [DiscoveryClient-HeartbeatExecutor-0] DEBUG c.netflix.discovery.DiscoveryClient - DiscoveryClient_USER-SERVICE/user-service:e9b7af9de2a0b881ee4cdebaefff6442 - Heartbeat status: 200
2025-10-03 20:53:04.964 [DiscoveryClient-HeartbeatExecutor-0] DEBUG c.netflix.discovery.DiscoveryClient - DiscoveryClient_USER-SERVICE/user-service:e9b7af9de2a0b881ee4cdebaefff6442 - Heartbeat status: 200
2025-10-03 20:53:07.722 [DiscoveryClient-CacheRefreshExecutor-0] DEBUG c.netflix.discovery.DiscoveryClient - Got delta update with apps hashcode UP_2_
2025-10-03 20:53:07.722 [DiscoveryClient-CacheRefreshExecutor-0] DEBUG c.netflix.discovery.DiscoveryClient - Added instance user-service:e9b7af9de2a0b881ee4cdebaefff6442 to the existing apps in region null
2025-10-03 20:53:07.722 [DiscoveryClient-CacheRefreshExecutor-0] DEBUG c.netflix.discovery.DiscoveryClient - The total number of instances fetched by the delta processor : 2
2025-10-03 20:53:07.723 [DiscoveryClient-CacheRefreshExecutor-0] DEBUG c.netflix.discovery.DiscoveryClient - The total number of all instances in the client now is 2
2025-10-03 20:53:07.723 [DiscoveryClient-CacheRefreshExecutor-0] DEBUG c.netflix.discovery.DiscoveryClient - Completed cache refresh task for discovery. All Apps hash code is Local region apps hashcode: UP_2_, is fetching remote regions? false 
2025-10-03 20:53:09.994 [DiscoveryClient-HeartbeatExecutor-0] DEBUG c.netflix.discovery.DiscoveryClient - DiscoveryClient_USER-SERVICE/user-service:e9b7af9de2a0b881ee4cdebaefff6442 - Heartbeat status: 200
2025-10-03 20:53:15.027 [DiscoveryClient-HeartbeatExecutor-0] DEBUG c.netflix.discovery.DiscoveryClient - DiscoveryClient_USER-SERVICE/user-service:e9b7af9de2a0b881ee4cdebaefff6442 - Heartbeat status: 200
2025-10-03 20:53:20.067 [DiscoveryClient-HeartbeatExecutor-0] DEBUG c.netflix.discovery.DiscoveryClient - DiscoveryClient_USER-SERVICE/user-service:e9b7af9de2a0b881ee4cdebaefff6442 - Heartbeat status: 200
2025-10-03 20:53:25.119 [DiscoveryClient-HeartbeatExecutor-0] DEBUG c.netflix.discovery.DiscoveryClient - DiscoveryClient_USER-SERVICE/user-service:e9b7af9de2a0b881ee4cdebaefff6442 - Heartbeat status: 200
2025-10-03 20:53:30.145 [DiscoveryClient-HeartbeatExecutor-0] DEBUG c.netflix.discovery.DiscoveryClient - DiscoveryClient_USER-SERVICE/user-service:e9b7af9de2a0b881ee4cdebaefff6442 - Heartbeat status: 200
2025-10-03 20:53:35.178 [DiscoveryClient-HeartbeatExecutor-0] DEBUG c.netflix.discovery.DiscoveryClient - DiscoveryClient_USER-SERVICE/user-service:e9b7af9de2a0b881ee4cdebaefff6442 - Heartbeat status: 200
2025-10-03 20:53:37.755 [DiscoveryClient-CacheRefreshExecutor-0] DEBUG c.netflix.discovery.DiscoveryClient - Got delta update with apps hashcode UP_2_
2025-10-03 20:53:37.756 [DiscoveryClient-CacheRefreshExecutor-0] DEBUG c.netflix.discovery.DiscoveryClient - Added instance user-service:e9b7af9de2a0b881ee4cdebaefff6442 to the existing apps in region null
2025-10-03 20:53:37.756 [DiscoveryClient-CacheRefreshExecutor-0] DEBUG c.netflix.discovery.DiscoveryClient - The total number of instances fetched by the delta processor : 2
2025-10-03 20:53:37.756 [DiscoveryClient-CacheRefreshExecutor-0] DEBUG c.netflix.discovery.DiscoveryClient - The total number of all instances in the client now is 2
2025-10-03 20:53:37.757 [DiscoveryClient-CacheRefreshExecutor-0] DEBUG c.netflix.discovery.DiscoveryClient - Completed cache refresh task for discovery. All Apps hash code is Local region apps hashcode: UP_2_, is fetching remote regions? false 
2025-10-03 20:53:40.209 [DiscoveryClient-HeartbeatExecutor-0] DEBUG c.netflix.discovery.DiscoveryClient - DiscoveryClient_USER-SERVICE/user-service:e9b7af9de2a0b881ee4cdebaefff6442 - Heartbeat status: 200
2025-10-03 20:53:45.242 [DiscoveryClient-HeartbeatExecutor-0] DEBUG c.netflix.discovery.DiscoveryClient - DiscoveryClient_USER-SERVICE/user-service:e9b7af9de2a0b881ee4cdebaefff6442 - Heartbeat status: 200
2025-10-03 20:53:50.272 [DiscoveryClient-HeartbeatExecutor-0] DEBUG c.netflix.discovery.DiscoveryClient - DiscoveryClient_USER-SERVICE/user-service:e9b7af9de2a0b881ee4cdebaefff6442 - Heartbeat status: 200
2025-10-03 20:53:55.304 [DiscoveryClient-HeartbeatExecutor-0] DEBUG c.netflix.discovery.DiscoveryClient - DiscoveryClient_USER-SERVICE/user-service:e9b7af9de2a0b881ee4cdebaefff6442 - Heartbeat status: 200
2025-10-03 20:54:00.333 [DiscoveryClient-HeartbeatExecutor-0] DEBUG c.netflix.discovery.DiscoveryClient - DiscoveryClient_USER-SERVICE/user-service:e9b7af9de2a0b881ee4cdebaefff6442 - Heartbeat status: 200
2025-10-03 20:54:05.380 [DiscoveryClient-HeartbeatExecutor-0] DEBUG c.netflix.discovery.DiscoveryClient - DiscoveryClient_USER-SERVICE/user-service:e9b7af9de2a0b881ee4cdebaefff6442 - Heartbeat status: 200
2025-10-03 20:54:06.261 [AsyncResolver-bootstrap-executor-0] INFO  c.n.d.s.r.aws.ConfigClusterResolver - Resolving eureka endpoints via configuration
2025-10-03 20:54:06.261 [AsyncResolver-bootstrap-executor-0] DEBUG c.n.discovery.endpoint.EndpointUtils - The availability zone for the given region us-east-1 are [defaultZone]
2025-10-03 20:54:06.261 [AsyncResolver-bootstrap-executor-0] DEBUG c.n.d.s.r.aws.ConfigClusterResolver - Config resolved to [AwsEndpoint{ serviceUrl='http://localhost:8761/eureka/', region='us-east-1', zone='defaultZone'}]
2025-10-03 20:54:06.262 [AsyncResolver-bootstrap-executor-0] DEBUG c.n.d.s.r.a.ZoneAffinityClusterResolver - Local zone=defaultZone; resolved to: [AwsEndpoint{ serviceUrl='http://localhost:8761/eureka/', region='us-east-1', zone='defaultZone'}]
2025-10-03 20:54:06.262 [AsyncResolver-bootstrap-executor-0] DEBUG c.n.d.shared.resolver.AsyncResolver - Resolved to [AwsEndpoint{ serviceUrl='http://localhost:8761/eureka/', region='us-east-1', zone='defaultZone'}]
2025-10-03 20:54:07.788 [DiscoveryClient-CacheRefreshExecutor-0] DEBUG c.netflix.discovery.DiscoveryClient - Got delta update with apps hashcode UP_2_
2025-10-03 20:54:07.789 [DiscoveryClient-CacheRefreshExecutor-0] DEBUG c.netflix.discovery.DiscoveryClient - The total number of instances fetched by the delta processor : 1
2025-10-03 20:54:07.789 [DiscoveryClient-CacheRefreshExecutor-0] DEBUG c.netflix.discovery.DiscoveryClient - The total number of all instances in the client now is 2
2025-10-03 20:54:07.789 [DiscoveryClient-CacheRefreshExecutor-0] DEBUG c.netflix.discovery.DiscoveryClient - Completed cache refresh task for discovery. All Apps hash code is Local region apps hashcode: UP_2_, is fetching remote regions? false 
2025-10-03 20:54:10.405 [DiscoveryClient-HeartbeatExecutor-0] DEBUG c.netflix.discovery.DiscoveryClient - DiscoveryClient_USER-SERVICE/user-service:e9b7af9de2a0b881ee4cdebaefff6442 - Heartbeat status: 200
2025-10-03 20:54:15.445 [DiscoveryClient-HeartbeatExecutor-0] DEBUG c.netflix.discovery.DiscoveryClient - DiscoveryClient_USER-SERVICE/user-service:e9b7af9de2a0b881ee4cdebaefff6442 - Heartbeat status: 200
2025-10-03 20:54:20.484 [DiscoveryClient-HeartbeatExecutor-0] DEBUG c.netflix.discovery.DiscoveryClient - DiscoveryClient_USER-SERVICE/user-service:e9b7af9de2a0b881ee4cdebaefff6442 - Heartbeat status: 200
2025-10-03 20:54:25.508 [DiscoveryClient-HeartbeatExecutor-0] DEBUG c.netflix.discovery.DiscoveryClient - DiscoveryClient_USER-SERVICE/user-service:e9b7af9de2a0b881ee4cdebaefff6442 - Heartbeat status: 200
2025-10-03 20:54:30.541 [DiscoveryClient-HeartbeatExecutor-0] DEBUG c.netflix.discovery.DiscoveryClient - DiscoveryClient_USER-SERVICE/user-service:e9b7af9de2a0b881ee4cdebaefff6442 - Heartbeat status: 200
2025-10-03 20:54:35.573 [DiscoveryClient-HeartbeatExecutor-0] DEBUG c.netflix.discovery.DiscoveryClient - DiscoveryClient_USER-SERVICE/user-service:e9b7af9de2a0b881ee4cdebaefff6442 - Heartbeat status: 200
2025-10-03 20:54:37.812 [DiscoveryClient-CacheRefreshExecutor-0] DEBUG c.netflix.discovery.DiscoveryClient - Got delta update with apps hashcode UP_2_
2025-10-03 20:54:37.812 [DiscoveryClient-CacheRefreshExecutor-0] DEBUG c.netflix.discovery.DiscoveryClient - The total number of instances fetched by the delta processor : 1
2025-10-03 20:54:37.813 [DiscoveryClient-CacheRefreshExecutor-0] DEBUG c.netflix.discovery.DiscoveryClient - The total number of all instances in the client now is 2
2025-10-03 20:54:37.813 [DiscoveryClient-CacheRefreshExecutor-0] DEBUG c.netflix.discovery.DiscoveryClient - Completed cache refresh task for discovery. All Apps hash code is Local region apps hashcode: UP_2_, is fetching remote regions? false 
2025-10-03 20:54:40.592 [DiscoveryClient-HeartbeatExecutor-0] DEBUG c.netflix.discovery.DiscoveryClient - DiscoveryClient_USER-SERVICE/user-service:e9b7af9de2a0b881ee4cdebaefff6442 - Heartbeat status: 200
2025-10-03 20:54:45.626 [DiscoveryClient-HeartbeatExecutor-0] DEBUG c.netflix.discovery.DiscoveryClient - DiscoveryClient_USER-SERVICE/user-service:e9b7af9de2a0b881ee4cdebaefff6442 - Heartbeat status: 200
2025-10-03 20:54:50.658 [DiscoveryClient-HeartbeatExecutor-0] DEBUG c.netflix.discovery.DiscoveryClient - DiscoveryClient_USER-SERVICE/user-service:e9b7af9de2a0b881ee4cdebaefff6442 - Heartbeat status: 200
2025-10-03 20:54:55.681 [DiscoveryClient-HeartbeatExecutor-0] DEBUG c.netflix.discovery.DiscoveryClient - DiscoveryClient_USER-SERVICE/user-service:e9b7af9de2a0b881ee4cdebaefff6442 - Heartbeat status: 200
2025-10-03 20:54:55.926 [http-nio-8080-exec-9] DEBUG o.s.security.web.FilterChainProxy - Securing GET /api/admin/users/cddc0fc8-33d7-4471-af15-21618a327f89
2025-10-03 20:54:55.944 [http-nio-8080-exec-9] DEBUG o.s.security.web.FilterChainProxy - Secured GET /api/admin/users/cddc0fc8-33d7-4471-af15-21618a327f89
2025-10-03 20:54:55.946 [http-nio-8080-exec-9] DEBUG o.s.o.j.s.OpenEntityManagerInViewInterceptor - Opening JPA EntityManager in OpenEntityManagerInViewInterceptor
2025-10-03 20:54:55.948 [http-nio-8080-exec-9] DEBUG o.s.s.a.m.AuthorizationManagerBeforeMethodInterceptor - Authorizing method invocation ReflectiveMethodInvocation: public org.springframework.http.ResponseEntity com.userservice.userservice.controller.AdminController.getUser(java.util.UUID,jakarta.servlet.http.HttpServletRequest); target is of class [com.userservice.userservice.controller.AdminController]
2025-10-03 20:54:55.950 [http-nio-8080-exec-9] DEBUG o.s.s.a.m.AuthorizationManagerBeforeMethodInterceptor - Authorized method invocation ReflectiveMethodInvocation: public org.springframework.http.ResponseEntity com.userservice.userservice.controller.AdminController.getUser(java.util.UUID,jakarta.servlet.http.HttpServletRequest); target is of class [com.userservice.userservice.controller.AdminController]
2025-10-03 20:54:55.950 [http-nio-8080-exec-9] INFO  c.u.u.controller.AdminController - [ce57f7b2-2aed-496d-9bcf-3028b59365e0] Fetching user with ID: cddc0fc8-33d7-4471-af15-21618a327f89 - IP: 0:0:0:0:0:0:0:1
2025-10-03 20:54:55.951 [http-nio-8080-exec-9] DEBUG o.s.orm.jpa.JpaTransactionManager - Found thread-bound EntityManager [SessionImpl(1404032756<open>)] for JPA transaction
2025-10-03 20:54:55.953 [http-nio-8080-exec-9] DEBUG o.s.orm.jpa.JpaTransactionManager - Creating new transaction with name [org.springframework.data.jpa.repository.support.SimpleJpaRepository.findById]: PROPAGATION_REQUIRED,ISOLATION_DEFAULT,readOnly
2025-10-03 20:54:55.956 [http-nio-8080-exec-9] DEBUG o.s.orm.jpa.JpaTransactionManager - Exposing JPA transaction as JDBC [org.springframework.orm.jpa.vendor.HibernateJpaDialect$HibernateConnectionHandle@318d88ee]
2025-10-03 20:54:55.983 [http-nio-8080-exec-9] DEBUG org.hibernate.SQL - select ue1_0.id,ue1_0.address,ue1_0.alternate_phone,ue1_0.biography,ue1_0.country_code,ue1_0.created_at,ue1_0.email,ue1_0.email_verified,ue1_0.facebook,ue1_0.failed_login_attempts,ue1_0.full_name,ue1_0.instagram,ue1_0.internshala,ue1_0.is_active,ue1_0.language,ue1_0.last_login_at,ue1_0.linkedin,ue1_0.lockout_until,ue1_0.password,ue1_0.phone,ue1_0.photo,ue1_0.role,ue1_0.updated_at from user_entity ue1_0 where ue1_0.id=?
2025-10-03 20:54:55.994 [http-nio-8080-exec-9] DEBUG o.s.orm.jpa.JpaTransactionManager - Initiating transaction commit
2025-10-03 20:54:55.994 [http-nio-8080-exec-9] DEBUG o.s.orm.jpa.JpaTransactionManager - Committing JPA transaction on EntityManager [SessionImpl(1404032756<open>)]
2025-10-03 20:54:55.995 [http-nio-8080-exec-9] DEBUG o.s.orm.jpa.JpaTransactionManager - Not closing pre-bound JPA EntityManager after transaction
2025-10-03 20:54:55.996 [http-nio-8080-exec-9] INFO  c.u.u.controller.AdminController - [ce57f7b2-2aed-496d-9bcf-3028b59365e0] Successfully fetched user: sridharuduthala@gmail.com
2025-10-03 20:54:55.999 [http-nio-8080-exec-9] DEBUG o.s.o.j.s.OpenEntityManagerInViewInterceptor - Closing JPA EntityManager in OpenEntityManagerInViewInterceptor
2025-10-03 20:55:00.709 [DiscoveryClient-HeartbeatExecutor-0] DEBUG c.netflix.discovery.DiscoveryClient - DiscoveryClient_USER-SERVICE/user-service:e9b7af9de2a0b881ee4cdebaefff6442 - Heartbeat status: 200
2025-10-03 20:55:05.737 [DiscoveryClient-HeartbeatExecutor-0] DEBUG c.netflix.discovery.DiscoveryClient - DiscoveryClient_USER-SERVICE/user-service:e9b7af9de2a0b881ee4cdebaefff6442 - Heartbeat status: 200
2025-10-03 20:55:07.847 [DiscoveryClient-CacheRefreshExecutor-0] DEBUG c.netflix.discovery.DiscoveryClient - Got delta update with apps hashcode UP_2_
2025-10-03 20:55:07.851 [DiscoveryClient-CacheRefreshExecutor-0] DEBUG c.netflix.discovery.DiscoveryClient - The total number of instances fetched by the delta processor : 1
2025-10-03 20:55:07.852 [DiscoveryClient-CacheRefreshExecutor-0] DEBUG c.netflix.discovery.DiscoveryClient - The total number of all instances in the client now is 2
2025-10-03 20:55:07.853 [DiscoveryClient-CacheRefreshExecutor-0] DEBUG c.netflix.discovery.DiscoveryClient - Completed cache refresh task for discovery. All Apps hash code is Local region apps hashcode: UP_2_, is fetching remote regions? false 
2025-10-03 20:55:10.772 [DiscoveryClient-HeartbeatExecutor-0] DEBUG c.netflix.discovery.DiscoveryClient - DiscoveryClient_USER-SERVICE/user-service:e9b7af9de2a0b881ee4cdebaefff6442 - Heartbeat status: 200
2025-10-03 20:55:15.794 [DiscoveryClient-HeartbeatExecutor-0] DEBUG c.netflix.discovery.DiscoveryClient - DiscoveryClient_USER-SERVICE/user-service:e9b7af9de2a0b881ee4cdebaefff6442 - Heartbeat status: 200
2025-10-03 20:55:20.818 [DiscoveryClient-HeartbeatExecutor-0] DEBUG c.netflix.discovery.DiscoveryClient - DiscoveryClient_USER-SERVICE/user-service:e9b7af9de2a0b881ee4cdebaefff6442 - Heartbeat status: 200
2025-10-03 20:55:25.854 [DiscoveryClient-HeartbeatExecutor-0] DEBUG c.netflix.discovery.DiscoveryClient - DiscoveryClient_USER-SERVICE/user-service:e9b7af9de2a0b881ee4cdebaefff6442 - Heartbeat status: 200
2025-10-03 20:55:30.880 [DiscoveryClient-HeartbeatExecutor-0] DEBUG c.netflix.discovery.DiscoveryClient - DiscoveryClient_USER-SERVICE/user-service:e9b7af9de2a0b881ee4cdebaefff6442 - Heartbeat status: 200
2025-10-03 20:55:35.914 [DiscoveryClient-HeartbeatExecutor-0] DEBUG c.netflix.discovery.DiscoveryClient - DiscoveryClient_USER-SERVICE/user-service:e9b7af9de2a0b881ee4cdebaefff6442 - Heartbeat status: 200
2025-10-03 20:55:37.883 [DiscoveryClient-CacheRefreshExecutor-0] DEBUG c.netflix.discovery.DiscoveryClient - Got delta update with apps hashcode UP_2_
2025-10-03 20:55:37.883 [DiscoveryClient-CacheRefreshExecutor-0] DEBUG c.netflix.discovery.DiscoveryClient - The total number of instances fetched by the delta processor : 1
2025-10-03 20:55:37.884 [DiscoveryClient-CacheRefreshExecutor-0] DEBUG c.netflix.discovery.DiscoveryClient - The total number of all instances in the client now is 2
2025-10-03 20:55:37.886 [DiscoveryClient-CacheRefreshExecutor-0] DEBUG c.netflix.discovery.DiscoveryClient - Completed cache refresh task for discovery. All Apps hash code is Local region apps hashcode: UP_2_, is fetching remote regions? false 
2025-10-03 20:55:40.945 [DiscoveryClient-HeartbeatExecutor-0] DEBUG c.netflix.discovery.DiscoveryClient - DiscoveryClient_USER-SERVICE/user-service:e9b7af9de2a0b881ee4cdebaefff6442 - Heartbeat status: 200
2025-10-03 20:55:45.978 [DiscoveryClient-HeartbeatExecutor-0] DEBUG c.netflix.discovery.DiscoveryClient - DiscoveryClient_USER-SERVICE/user-service:e9b7af9de2a0b881ee4cdebaefff6442 - Heartbeat status: 200
2025-10-03 20:55:50.989 [DiscoveryClient-HeartbeatExecutor-0] DEBUG c.netflix.discovery.DiscoveryClient - DiscoveryClient_USER-SERVICE/user-service:e9b7af9de2a0b881ee4cdebaefff6442 - Heartbeat status: 200
2025-10-03 20:55:56.015 [DiscoveryClient-HeartbeatExecutor-0] DEBUG c.netflix.discovery.DiscoveryClient - DiscoveryClient_USER-SERVICE/user-service:e9b7af9de2a0b881ee4cdebaefff6442 - Heartbeat status: 200
2025-10-03 20:56:01.049 [DiscoveryClient-HeartbeatExecutor-0] DEBUG c.netflix.discovery.DiscoveryClient - DiscoveryClient_USER-SERVICE/user-service:e9b7af9de2a0b881ee4cdebaefff6442 - Heartbeat status: 200
2025-10-03 20:56:06.083 [DiscoveryClient-HeartbeatExecutor-0] DEBUG c.netflix.discovery.DiscoveryClient - DiscoveryClient_USER-SERVICE/user-service:e9b7af9de2a0b881ee4cdebaefff6442 - Heartbeat status: 200
2025-10-03 20:56:07.902 [DiscoveryClient-CacheRefreshExecutor-0] DEBUG c.netflix.discovery.DiscoveryClient - Got delta update with apps hashcode UP_2_
2025-10-03 20:56:07.903 [DiscoveryClient-CacheRefreshExecutor-0] DEBUG c.netflix.discovery.DiscoveryClient - The total number of instances fetched by the delta processor : 1
2025-10-03 20:56:07.903 [DiscoveryClient-CacheRefreshExecutor-0] DEBUG c.netflix.discovery.DiscoveryClient - The total number of all instances in the client now is 2
2025-10-03 20:56:07.903 [DiscoveryClient-CacheRefreshExecutor-0] DEBUG c.netflix.discovery.DiscoveryClient - Completed cache refresh task for discovery. All Apps hash code is Local region apps hashcode: UP_2_, is fetching remote regions? false 
2025-10-03 20:56:11.119 [DiscoveryClient-HeartbeatExecutor-0] DEBUG c.netflix.discovery.DiscoveryClient - DiscoveryClient_USER-SERVICE/user-service:e9b7af9de2a0b881ee4cdebaefff6442 - Heartbeat status: 200
2025-10-03 20:56:16.158 [DiscoveryClient-HeartbeatExecutor-0] DEBUG c.netflix.discovery.DiscoveryClient - DiscoveryClient_USER-SERVICE/user-service:e9b7af9de2a0b881ee4cdebaefff6442 - Heartbeat status: 200
2025-10-03 20:56:21.184 [DiscoveryClient-HeartbeatExecutor-0] DEBUG c.netflix.discovery.DiscoveryClient - DiscoveryClient_USER-SERVICE/user-service:e9b7af9de2a0b881ee4cdebaefff6442 - Heartbeat status: 200
2025-10-03 20:56:26.209 [DiscoveryClient-HeartbeatExecutor-0] DEBUG c.netflix.discovery.DiscoveryClient - DiscoveryClient_USER-SERVICE/user-service:e9b7af9de2a0b881ee4cdebaefff6442 - Heartbeat status: 200
2025-10-03 20:56:31.257 [DiscoveryClient-HeartbeatExecutor-0] DEBUG c.netflix.discovery.DiscoveryClient - DiscoveryClient_USER-SERVICE/user-service:e9b7af9de2a0b881ee4cdebaefff6442 - Heartbeat status: 200
2025-10-03 20:56:36.292 [DiscoveryClient-HeartbeatExecutor-0] DEBUG c.netflix.discovery.DiscoveryClient - DiscoveryClient_USER-SERVICE/user-service:e9b7af9de2a0b881ee4cdebaefff6442 - Heartbeat status: 200
2025-10-03 20:56:37.933 [DiscoveryClient-CacheRefreshExecutor-0] DEBUG c.netflix.discovery.DiscoveryClient - Got delta update with apps hashcode UP_2_
2025-10-03 20:56:37.933 [DiscoveryClient-CacheRefreshExecutor-0] DEBUG c.netflix.discovery.DiscoveryClient - The total number of instances fetched by the delta processor : 1
2025-10-03 20:56:37.934 [DiscoveryClient-CacheRefreshExecutor-0] DEBUG c.netflix.discovery.DiscoveryClient - The total number of all instances in the client now is 2
2025-10-03 20:56:37.935 [DiscoveryClient-CacheRefreshExecutor-0] DEBUG c.netflix.discovery.DiscoveryClient - Completed cache refresh task for discovery. All Apps hash code is Local region apps hashcode: UP_2_, is fetching remote regions? false 
2025-10-03 20:56:41.345 [DiscoveryClient-HeartbeatExecutor-0] DEBUG c.netflix.discovery.DiscoveryClient - DiscoveryClient_USER-SERVICE/user-service:e9b7af9de2a0b881ee4cdebaefff6442 - Heartbeat status: 200
2025-10-03 20:56:46.384 [DiscoveryClient-HeartbeatExecutor-0] DEBUG c.netflix.discovery.DiscoveryClient - DiscoveryClient_USER-SERVICE/user-service:e9b7af9de2a0b881ee4cdebaefff6442 - Heartbeat status: 200
2025-10-03 20:56:51.414 [DiscoveryClient-HeartbeatExecutor-0] DEBUG c.netflix.discovery.DiscoveryClient - DiscoveryClient_USER-SERVICE/user-service:e9b7af9de2a0b881ee4cdebaefff6442 - Heartbeat status: 200
2025-10-03 20:56:56.459 [DiscoveryClient-HeartbeatExecutor-0] DEBUG c.netflix.discovery.DiscoveryClient - DiscoveryClient_USER-SERVICE/user-service:e9b7af9de2a0b881ee4cdebaefff6442 - Heartbeat status: 200
2025-10-03 20:57:01.493 [DiscoveryClient-HeartbeatExecutor-0] DEBUG c.netflix.discovery.DiscoveryClient - DiscoveryClient_USER-SERVICE/user-service:e9b7af9de2a0b881ee4cdebaefff6442 - Heartbeat status: 200
2025-10-03 20:57:06.520 [DiscoveryClient-HeartbeatExecutor-0] DEBUG c.netflix.discovery.DiscoveryClient - DiscoveryClient_USER-SERVICE/user-service:e9b7af9de2a0b881ee4cdebaefff6442 - Heartbeat status: 200
2025-10-03 20:57:07.961 [DiscoveryClient-CacheRefreshExecutor-0] DEBUG c.netflix.discovery.DiscoveryClient - Got delta update with apps hashcode UP_2_
2025-10-03 20:57:07.961 [DiscoveryClient-CacheRefreshExecutor-0] DEBUG c.netflix.discovery.DiscoveryClient - The total number of instances fetched by the delta processor : 0
2025-10-03 20:57:07.962 [DiscoveryClient-CacheRefreshExecutor-0] DEBUG c.netflix.discovery.DiscoveryClient - The total number of all instances in the client now is 2
2025-10-03 20:57:07.962 [DiscoveryClient-CacheRefreshExecutor-0] DEBUG c.netflix.discovery.DiscoveryClient - Completed cache refresh task for discovery. All Apps hash code is Local region apps hashcode: UP_2_, is fetching remote regions? false 
2025-10-03 20:57:11.556 [DiscoveryClient-HeartbeatExecutor-0] DEBUG c.netflix.discovery.DiscoveryClient - DiscoveryClient_USER-SERVICE/user-service:e9b7af9de2a0b881ee4cdebaefff6442 - Heartbeat status: 200
2025-10-03 20:57:16.578 [DiscoveryClient-HeartbeatExecutor-0] DEBUG c.netflix.discovery.DiscoveryClient - DiscoveryClient_USER-SERVICE/user-service:e9b7af9de2a0b881ee4cdebaefff6442 - Heartbeat status: 200
2025-10-03 20:57:21.606 [DiscoveryClient-HeartbeatExecutor-0] DEBUG c.netflix.discovery.DiscoveryClient - DiscoveryClient_USER-SERVICE/user-service:e9b7af9de2a0b881ee4cdebaefff6442 - Heartbeat status: 200
2025-10-03 20:57:26.639 [DiscoveryClient-HeartbeatExecutor-0] DEBUG c.netflix.discovery.DiscoveryClient - DiscoveryClient_USER-SERVICE/user-service:e9b7af9de2a0b881ee4cdebaefff6442 - Heartbeat status: 200
2025-10-03 20:57:31.672 [DiscoveryClient-HeartbeatExecutor-0] DEBUG c.netflix.discovery.DiscoveryClient - DiscoveryClient_USER-SERVICE/user-service:e9b7af9de2a0b881ee4cdebaefff6442 - Heartbeat status: 200
2025-10-03 20:57:36.694 [DiscoveryClient-HeartbeatExecutor-0] DEBUG c.netflix.discovery.DiscoveryClient - DiscoveryClient_USER-SERVICE/user-service:e9b7af9de2a0b881ee4cdebaefff6442 - Heartbeat status: 200
2025-10-03 20:57:37.975 [DiscoveryClient-CacheRefreshExecutor-0] DEBUG c.netflix.discovery.DiscoveryClient - Got delta update with apps hashcode UP_2_
2025-10-03 20:57:37.975 [DiscoveryClient-CacheRefreshExecutor-0] DEBUG c.netflix.discovery.DiscoveryClient - The total number of instances fetched by the delta processor : 0
2025-10-03 20:57:37.975 [DiscoveryClient-CacheRefreshExecutor-0] DEBUG c.netflix.discovery.DiscoveryClient - The total number of all instances in the client now is 2
2025-10-03 20:57:37.976 [DiscoveryClient-CacheRefreshExecutor-0] DEBUG c.netflix.discovery.DiscoveryClient - Completed cache refresh task for discovery. All Apps hash code is Local region apps hashcode: UP_2_, is fetching remote regions? false 
2025-10-03 20:57:40.292 [http-nio-8080-exec-3] DEBUG o.s.security.web.FilterChainProxy - Securing POST /api/admin/add-users
2025-10-03 20:57:40.307 [http-nio-8080-exec-3] DEBUG o.s.security.web.FilterChainProxy - Secured POST /api/admin/add-users
2025-10-03 20:57:40.308 [http-nio-8080-exec-3] DEBUG o.s.o.j.s.OpenEntityManagerInViewInterceptor - Opening JPA EntityManager in OpenEntityManagerInViewInterceptor
2025-10-03 20:57:40.315 [http-nio-8080-exec-3] DEBUG o.s.s.a.m.AuthorizationManagerBeforeMethodInterceptor - Authorizing method invocation ReflectiveMethodInvocation: public org.springframework.http.ResponseEntity com.userservice.userservice.controller.AdminController.addUser(com.userservice.userservice.dto.AdminCreateUserRequestDTO,jakarta.servlet.http.HttpServletRequest); target is of class [com.userservice.userservice.controller.AdminController]
2025-10-03 20:57:40.317 [http-nio-8080-exec-3] DEBUG o.s.s.a.m.AuthorizationManagerBeforeMethodInterceptor - Authorized method invocation ReflectiveMethodInvocation: public org.springframework.http.ResponseEntity com.userservice.userservice.controller.AdminController.addUser(com.userservice.userservice.dto.AdminCreateUserRequestDTO,jakarta.servlet.http.HttpServletRequest); target is of class [com.userservice.userservice.controller.AdminController]
2025-10-03 20:57:40.317 [http-nio-8080-exec-3] INFO  c.u.u.controller.AdminController - [6a36c303-9bb5-4056-8e23-cb8908aec051] Creating new user with email: williamjhon8426@gmail.com - IP: 0:0:0:0:0:0:0:1
2025-10-03 20:57:40.319 [http-nio-8080-exec-3] DEBUG org.hibernate.SQL - select ue1_0.id from user_entity ue1_0 where ue1_0.email=? fetch first ? rows only
2025-10-03 20:57:40.322 [http-nio-8080-exec-3] INFO  c.u.userservice.service.UserService - [89e00252] Starting user registration for email: w***@gmail.com
2025-10-03 20:57:40.323 [http-nio-8080-exec-3] INFO  c.u.userservice.service.UserService - [89e00252] 📥 Registering user - FullName: Admin Created User, Phone: ********11
2025-10-03 20:57:40.323 [http-nio-8080-exec-3] INFO  c.u.userservice.service.UserService - [89e00252] Checking if user already exists
2025-10-03 20:57:40.328 [http-nio-8080-exec-3] DEBUG org.hibernate.SQL - select ue1_0.id,ue1_0.address,ue1_0.alternate_phone,ue1_0.biography,ue1_0.country_code,ue1_0.created_at,ue1_0.email,ue1_0.email_verified,ue1_0.facebook,ue1_0.failed_login_attempts,ue1_0.full_name,ue1_0.instagram,ue1_0.internshala,ue1_0.is_active,ue1_0.language,ue1_0.last_login_at,ue1_0.linkedin,ue1_0.lockout_until,ue1_0.password,ue1_0.phone,ue1_0.photo,ue1_0.role,ue1_0.updated_at from user_entity ue1_0 where ue1_0.email=?
2025-10-03 20:57:40.330 [http-nio-8080-exec-3] INFO  c.u.userservice.service.UserService - [89e00252] Creating new user record
2025-10-03 20:57:40.330 [http-nio-8080-exec-3] INFO  c.u.userservice.service.UserService - [89e00252] Validating password strength
2025-10-03 20:57:40.370 [http-nio-8080-exec-3] ERROR c.u.u.controller.AdminController - [6a36c303-9bb5-4056-8e23-cb8908aec051] Error creating user: Password must contain at least one special character
java.lang.IllegalArgumentException: Password must contain at least one special character
	at com.userservice.userservice.util.PasswordValidatorUtil.validateOrThrow(PasswordValidatorUtil.java:22)
	at com.userservice.userservice.service.UserService.registerUser(UserService.java:94)
	at java.base/jdk.internal.reflect.NativeMethodAccessorImpl.invoke0(Native Method)
	at java.base/jdk.internal.reflect.NativeMethodAccessorImpl.invoke(NativeMethodAccessorImpl.java:77)
	at java.base/jdk.internal.reflect.DelegatingMethodAccessorImpl.invoke(DelegatingMethodAccessorImpl.java:43)
	at java.base/java.lang.reflect.Method.invoke(Method.java:569)
	at org.springframework.aop.support.AopUtils.invokeJoinpointUsingReflection(AopUtils.java:351)
	at org.springframework.aop.framework.CglibAopProxy$DynamicAdvisedInterceptor.intercept(CglibAopProxy.java:713)
	at com.userservice.userservice.service.UserService$$SpringCGLIB$$0.registerUser(<generated>)
	at com.userservice.userservice.controller.AdminController.addUser(AdminController.java:108)
	at java.base/jdk.internal.reflect.NativeMethodAccessorImpl.invoke0(Native Method)
	at java.base/jdk.internal.reflect.NativeMethodAccessorImpl.invoke(NativeMethodAccessorImpl.java:77)
	at java.base/jdk.internal.reflect.DelegatingMethodAccessorImpl.invoke(DelegatingMethodAccessorImpl.java:43)
	at java.base/java.lang.reflect.Method.invoke(Method.java:569)
	at org.springframework.aop.support.AopUtils.invokeJoinpointUsingReflection(AopUtils.java:351)
	at org.springframework.aop.framework.ReflectiveMethodInvocation.invokeJoinpoint(ReflectiveMethodInvocation.java:196)
	at org.springframework.aop.framework.ReflectiveMethodInvocation.proceed(ReflectiveMethodInvocation.java:163)
	at org.springframework.aop.framework.CglibAopProxy$CglibMethodInvocation.proceed(CglibAopProxy.java:765)
	at org.springframework.security.authorization.method.AuthorizationManagerBeforeMethodInterceptor.invoke(AuthorizationManagerBeforeMethodInterceptor.java:198)
	at org.springframework.aop.framework.ReflectiveMethodInvocation.proceed(ReflectiveMethodInvocation.java:184)
	at org.springframework.aop.framework.CglibAopProxy$CglibMethodInvocation.proceed(CglibAopProxy.java:765)
	at org.springframework.aop.framework.CglibAopProxy$DynamicAdvisedInterceptor.intercept(CglibAopProxy.java:717)
	at com.userservice.userservice.controller.AdminController$$SpringCGLIB$$0.addUser(<generated>)
	at java.base/jdk.internal.reflect.NativeMethodAccessorImpl.invoke0(Native Method)
	at java.base/jdk.internal.reflect.NativeMethodAccessorImpl.invoke(NativeMethodAccessorImpl.java:77)
	at java.base/jdk.internal.reflect.DelegatingMethodAccessorImpl.invoke(DelegatingMethodAccessorImpl.java:43)
	at java.base/java.lang.reflect.Method.invoke(Method.java:569)
	at org.springframework.web.method.support.InvocableHandlerMethod.doInvoke(InvocableHandlerMethod.java:255)
	at org.springframework.web.method.support.InvocableHandlerMethod.invokeForRequest(InvocableHandlerMethod.java:188)
	at org.springframework.web.servlet.mvc.method.annotation.ServletInvocableHandlerMethod.invokeAndHandle(ServletInvocableHandlerMethod.java:118)
	at org.springframework.web.servlet.mvc.method.annotation.RequestMappingHandlerAdapter.invokeHandlerMethod(RequestMappingHandlerAdapter.java:925)
	at org.springframework.web.servlet.mvc.method.annotation.RequestMappingHandlerAdapter.handleInternal(RequestMappingHandlerAdapter.java:830)
	at org.springframework.web.servlet.mvc.method.AbstractHandlerMethodAdapter.handle(AbstractHandlerMethodAdapter.java:87)
	at org.springframework.web.servlet.DispatcherServlet.doDispatch(DispatcherServlet.java:1089)
	at org.springframework.web.servlet.DispatcherServlet.doService(DispatcherServlet.java:979)
	at org.springframework.web.servlet.FrameworkServlet.processRequest(FrameworkServlet.java:1014)
	at org.springframework.web.servlet.FrameworkServlet.doPost(FrameworkServlet.java:914)
	at jakarta.servlet.http.HttpServlet.service(HttpServlet.java:590)
	at org.springframework.web.servlet.FrameworkServlet.service(FrameworkServlet.java:885)
	at jakarta.servlet.http.HttpServlet.service(HttpServlet.java:658)
	at org.apache.catalina.core.ApplicationFilterChain.internalDoFilter(ApplicationFilterChain.java:205)
	at org.apache.catalina.core.ApplicationFilterChain.doFilter(ApplicationFilterChain.java:149)
	at org.apache.tomcat.websocket.server.WsFilter.doFilter(WsFilter.java:51)
	at org.apache.catalina.core.ApplicationFilterChain.internalDoFilter(ApplicationFilterChain.java:174)
	at org.apache.catalina.core.ApplicationFilterChain.doFilter(ApplicationFilterChain.java:149)
	at org.springframework.web.filter.OncePerRequestFilter.doFilter(OncePerRequestFilter.java:110)
	at org.apache.catalina.core.ApplicationFilterChain.internalDoFilter(ApplicationFilterChain.java:174)
	at org.apache.catalina.core.ApplicationFilterChain.doFilter(ApplicationFilterChain.java:149)
	at org.springframework.web.filter.CompositeFilter$VirtualFilterChain.doFilter(CompositeFilter.java:108)
	at org.springframework.security.web.FilterChainProxy.lambda$doFilterInternal$3(FilterChainProxy.java:231)
	at org.springframework.security.web.ObservationFilterChainDecorator$FilterObservation$SimpleFilterObservation.lambda$wrap$1(ObservationFilterChainDecorator.java:479)
	at org.springframework.security.web.ObservationFilterChainDecorator$AroundFilterObservation$SimpleAroundFilterObservation.lambda$wrap$1(ObservationFilterChainDecorator.java:340)
	at org.springframework.security.web.ObservationFilterChainDecorator.lambda$wrapSecured$0(ObservationFilterChainDecorator.java:82)
	at org.springframework.security.web.ObservationFilterChainDecorator$VirtualFilterChain.doFilter(ObservationFilterChainDecorator.java:128)
	at org.springframework.security.web.access.intercept.AuthorizationFilter.doFilter(AuthorizationFilter.java:100)
	at org.springframework.security.web.ObservationFilterChainDecorator$ObservationFilter.wrapFilter(ObservationFilterChainDecorator.java:240)
	at org.springframework.security.web.ObservationFilterChainDecorator$ObservationFilter.doFilter(ObservationFilterChainDecorator.java:227)
	at org.springframework.security.web.ObservationFilterChainDecorator$VirtualFilterChain.doFilter(ObservationFilterChainDecorator.java:137)
	at org.springframework.security.web.access.ExceptionTranslationFilter.doFilter(ExceptionTranslationFilter.java:126)
	at org.springframework.security.web.access.ExceptionTranslationFilter.doFilter(ExceptionTranslationFilter.java:120)
	at org.springframework.security.web.ObservationFilterChainDecorator$ObservationFilter.wrapFilter(ObservationFilterChainDecorator.java:240)
	at org.springframework.security.web.ObservationFilterChainDecorator$ObservationFilter.doFilter(ObservationFilterChainDecorator.java:227)
	at org.springframework.security.web.ObservationFilterChainDecorator$VirtualFilterChain.doFilter(ObservationFilterChainDecorator.java:137)
	at org.springframework.security.web.session.SessionManagementFilter.doFilter(SessionManagementFilter.java:131)
	at org.springframework.security.web.session.SessionManagementFilter.doFilter(SessionManagementFilter.java:85)
	at org.springframework.security.web.ObservationFilterChainDecorator$ObservationFilter.wrapFilter(ObservationFilterChainDecorator.java:240)
	at org.springframework.security.web.ObservationFilterChainDecorator$ObservationFilter.doFilter(ObservationFilterChainDecorator.java:227)
	at org.springframework.security.web.ObservationFilterChainDecorator$VirtualFilterChain.doFilter(ObservationFilterChainDecorator.java:137)
	at org.springframework.security.web.authentication.AnonymousAuthenticationFilter.doFilter(AnonymousAuthenticationFilter.java:100)
	at org.springframework.security.web.ObservationFilterChainDecorator$ObservationFilter.wrapFilter(ObservationFilterChainDecorator.java:240)
	at org.springframework.security.web.ObservationFilterChainDecorator$ObservationFilter.doFilter(ObservationFilterChainDecorator.java:227)
	at org.springframework.security.web.ObservationFilterChainDecorator$VirtualFilterChain.doFilter(ObservationFilterChainDecorator.java:137)
	at org.springframework.security.web.servletapi.SecurityContextHolderAwareRequestFilter.doFilter(SecurityContextHolderAwareRequestFilter.java:179)
	at org.springframework.security.web.ObservationFilterChainDecorator$ObservationFilter.wrapFilter(ObservationFilterChainDecorator.java:240)
	at org.springframework.security.web.ObservationFilterChainDecorator$ObservationFilter.doFilter(ObservationFilterChainDecorator.java:227)
	at org.springframework.security.web.ObservationFilterChainDecorator$VirtualFilterChain.doFilter(ObservationFilterChainDecorator.java:137)
	at org.springframework.security.web.savedrequest.RequestCacheAwareFilter.doFilter(RequestCacheAwareFilter.java:63)
	at org.springframework.security.web.ObservationFilterChainDecorator$ObservationFilter.wrapFilter(ObservationFilterChainDecorator.java:240)
	at org.springframework.security.web.ObservationFilterChainDecorator$ObservationFilter.doFilter(ObservationFilterChainDecorator.java:227)
	at org.springframework.security.web.ObservationFilterChainDecorator$VirtualFilterChain.doFilter(ObservationFilterChainDecorator.java:137)
	at com.userservice.userservice.security.JwtAuthFilter.doFilterInternal(JwtAuthFilter.java:113)
	at org.springframework.web.filter.OncePerRequestFilter.doFilter(OncePerRequestFilter.java:116)
	at org.springframework.security.web.ObservationFilterChainDecorator$ObservationFilter.wrapFilter(ObservationFilterChainDecorator.java:240)
	at org.springframework.security.web.ObservationFilterChainDecorator$ObservationFilter.doFilter(ObservationFilterChainDecorator.java:227)
	at org.springframework.security.web.ObservationFilterChainDecorator$VirtualFilterChain.doFilter(ObservationFilterChainDecorator.java:137)
	at org.springframework.security.web.authentication.logout.LogoutFilter.doFilter(LogoutFilter.java:107)
	at org.springframework.security.web.authentication.logout.LogoutFilter.doFilter(LogoutFilter.java:93)
	at org.springframework.security.web.ObservationFilterChainDecorator$ObservationFilter.wrapFilter(ObservationFilterChainDecorator.java:240)
	at org.springframework.security.web.ObservationFilterChainDecorator$ObservationFilter.doFilter(ObservationFilterChainDecorator.java:227)
	at org.springframework.security.web.ObservationFilterChainDecorator$VirtualFilterChain.doFilter(ObservationFilterChainDecorator.java:137)
	at org.springframework.web.filter.CorsFilter.doFilterInternal(CorsFilter.java:91)
	at org.springframework.web.filter.OncePerRequestFilter.doFilter(OncePerRequestFilter.java:116)
	at org.springframework.security.web.ObservationFilterChainDecorator$ObservationFilter.wrapFilter(ObservationFilterChainDecorator.java:240)
	at org.springframework.security.web.ObservationFilterChainDecorator$ObservationFilter.doFilter(ObservationFilterChainDecorator.java:227)
	at org.springframework.security.web.ObservationFilterChainDecorator$VirtualFilterChain.doFilter(ObservationFilterChainDecorator.java:137)
	at org.springframework.security.web.header.HeaderWriterFilter.doHeadersAfter(HeaderWriterFilter.java:90)
	at org.springframework.security.web.header.HeaderWriterFilter.doFilterInternal(HeaderWriterFilter.java:75)
	at org.springframework.web.filter.OncePerRequestFilter.doFilter(OncePerRequestFilter.java:116)
	at org.springframework.security.web.ObservationFilterChainDecorator$ObservationFilter.wrapFilter(ObservationFilterChainDecorator.java:240)
	at org.springframework.security.web.ObservationFilterChainDecorator$ObservationFilter.doFilter(ObservationFilterChainDecorator.java:227)
	at org.springframework.security.web.ObservationFilterChainDecorator$VirtualFilterChain.doFilter(ObservationFilterChainDecorator.java:137)
	at org.springframework.security.web.context.SecurityContextHolderFilter.doFilter(SecurityContextHolderFilter.java:82)
	at org.springframework.security.web.context.SecurityContextHolderFilter.doFilter(SecurityContextHolderFilter.java:69)
	at org.springframework.security.web.ObservationFilterChainDecorator$ObservationFilter.wrapFilter(ObservationFilterChainDecorator.java:240)
	at org.springframework.security.web.ObservationFilterChainDecorator$ObservationFilter.doFilter(ObservationFilterChainDecorator.java:227)
	at org.springframework.security.web.ObservationFilterChainDecorator$VirtualFilterChain.doFilter(ObservationFilterChainDecorator.java:137)
	at org.springframework.security.web.context.request.async.WebAsyncManagerIntegrationFilter.doFilterInternal(WebAsyncManagerIntegrationFilter.java:62)
	at org.springframework.web.filter.OncePerRequestFilter.doFilter(OncePerRequestFilter.java:116)
	at org.springframework.security.web.ObservationFilterChainDecorator$ObservationFilter.wrapFilter(ObservationFilterChainDecorator.java:240)
	at org.springframework.security.web.ObservationFilterChainDecorator$ObservationFilter.doFilter(ObservationFilterChainDecorator.java:227)
	at org.springframework.security.web.ObservationFilterChainDecorator$VirtualFilterChain.doFilter(ObservationFilterChainDecorator.java:137)
	at org.springframework.security.web.session.DisableEncodeUrlFilter.doFilterInternal(DisableEncodeUrlFilter.java:42)
	at org.springframework.web.filter.OncePerRequestFilter.doFilter(OncePerRequestFilter.java:116)
	at org.springframework.security.web.ObservationFilterChainDecorator$ObservationFilter.wrapFilter(ObservationFilterChainDecorator.java:240)
	at org.springframework.security.web.ObservationFilterChainDecorator$AroundFilterObservation$SimpleAroundFilterObservation.lambda$wrap$0(ObservationFilterChainDecorator.java:323)
	at org.springframework.security.web.ObservationFilterChainDecorator$ObservationFilter.doFilter(ObservationFilterChainDecorator.java:224)
	at org.springframework.security.web.ObservationFilterChainDecorator$VirtualFilterChain.doFilter(ObservationFilterChainDecorator.java:137)
	at org.springframework.security.web.FilterChainProxy.doFilterInternal(FilterChainProxy.java:233)
	at org.springframework.security.web.FilterChainProxy.doFilter(FilterChainProxy.java:191)
	at org.springframework.web.filter.CompositeFilter$VirtualFilterChain.doFilter(CompositeFilter.java:113)
	at org.springframework.web.servlet.handler.HandlerMappingIntrospector.lambda$createCacheFilter$3(HandlerMappingIntrospector.java:195)
	at org.springframework.web.filter.CompositeFilter$VirtualFilterChain.doFilter(CompositeFilter.java:113)
	at org.springframework.web.filter.CompositeFilter.doFilter(CompositeFilter.java:74)
	at org.springframework.security.config.annotation.web.configuration.WebMvcSecurityConfiguration$CompositeFilterChainProxy.doFilter(WebMvcSecurityConfiguration.java:230)
	at org.springframework.web.filter.DelegatingFilterProxy.invokeDelegate(DelegatingFilterProxy.java:352)
	at org.springframework.web.filter.DelegatingFilterProxy.doFilter(DelegatingFilterProxy.java:268)
	at org.apache.catalina.core.ApplicationFilterChain.internalDoFilter(ApplicationFilterChain.java:174)
	at org.apache.catalina.core.ApplicationFilterChain.doFilter(ApplicationFilterChain.java:149)
	at org.springframework.web.filter.RequestContextFilter.doFilterInternal(RequestContextFilter.java:100)
	at org.springframework.web.filter.OncePerRequestFilter.doFilter(OncePerRequestFilter.java:116)
	at org.apache.catalina.core.ApplicationFilterChain.internalDoFilter(ApplicationFilterChain.java:174)
	at org.apache.catalina.core.ApplicationFilterChain.doFilter(ApplicationFilterChain.java:149)
	at org.springframework.web.filter.FormContentFilter.doFilterInternal(FormContentFilter.java:93)
	at org.springframework.web.filter.OncePerRequestFilter.doFilter(OncePerRequestFilter.java:116)
	at org.apache.catalina.core.ApplicationFilterChain.internalDoFilter(ApplicationFilterChain.java:174)
	at org.apache.catalina.core.ApplicationFilterChain.doFilter(ApplicationFilterChain.java:149)
	at org.springframework.web.filter.ServerHttpObservationFilter.doFilterInternal(ServerHttpObservationFilter.java:109)
	at org.springframework.web.filter.OncePerRequestFilter.doFilter(OncePerRequestFilter.java:116)
	at org.apache.catalina.core.ApplicationFilterChain.internalDoFilter(ApplicationFilterChain.java:174)
	at org.apache.catalina.core.ApplicationFilterChain.doFilter(ApplicationFilterChain.java:149)
	at org.springframework.web.filter.CharacterEncodingFilter.doFilterInternal(CharacterEncodingFilter.java:201)
	at org.springframework.web.filter.OncePerRequestFilter.doFilter(OncePerRequestFilter.java:116)
	at org.apache.catalina.core.ApplicationFilterChain.internalDoFilter(ApplicationFilterChain.java:174)
	at org.apache.catalina.core.ApplicationFilterChain.doFilter(ApplicationFilterChain.java:149)
	at org.apache.catalina.core.StandardWrapperValve.invoke(StandardWrapperValve.java:167)
	at org.apache.catalina.core.StandardContextValve.invoke(StandardContextValve.java:90)
	at org.apache.catalina.authenticator.AuthenticatorBase.invoke(AuthenticatorBase.java:482)
	at org.apache.catalina.core.StandardHostValve.invoke(StandardHostValve.java:115)
	at org.apache.catalina.valves.ErrorReportValve.invoke(ErrorReportValve.java:93)
	at org.apache.catalina.core.StandardEngineValve.invoke(StandardEngineValve.java:74)
	at org.apache.catalina.connector.CoyoteAdapter.service(CoyoteAdapter.java:344)
	at org.apache.coyote.http11.Http11Processor.service(Http11Processor.java:391)
	at org.apache.coyote.AbstractProcessorLight.process(AbstractProcessorLight.java:63)
	at org.apache.coyote.AbstractProtocol$ConnectionHandler.process(AbstractProtocol.java:896)
	at org.apache.tomcat.util.net.NioEndpoint$SocketProcessor.doRun(NioEndpoint.java:1744)
	at org.apache.tomcat.util.net.SocketProcessorBase.run(SocketProcessorBase.java:52)
	at org.apache.tomcat.util.threads.ThreadPoolExecutor.runWorker(ThreadPoolExecutor.java:1191)
	at org.apache.tomcat.util.threads.ThreadPoolExecutor$Worker.run(ThreadPoolExecutor.java:659)
	at org.apache.tomcat.util.threads.TaskThread$WrappingRunnable.run(TaskThread.java:63)
	at java.base/java.lang.Thread.run(Thread.java:840)
2025-10-03 20:57:40.392 [http-nio-8080-exec-3] DEBUG o.s.o.j.s.OpenEntityManagerInViewInterceptor - Closing JPA EntityManager in OpenEntityManagerInViewInterceptor
2025-10-03 20:57:41.724 [DiscoveryClient-HeartbeatExecutor-0] DEBUG c.netflix.discovery.DiscoveryClient - DiscoveryClient_USER-SERVICE/user-service:e9b7af9de2a0b881ee4cdebaefff6442 - Heartbeat status: 200
2025-10-03 20:57:46.769 [DiscoveryClient-HeartbeatExecutor-0] DEBUG c.netflix.discovery.DiscoveryClient - DiscoveryClient_USER-SERVICE/user-service:e9b7af9de2a0b881ee4cdebaefff6442 - Heartbeat status: 200
2025-10-03 20:57:51.790 [DiscoveryClient-HeartbeatExecutor-0] DEBUG c.netflix.discovery.DiscoveryClient - DiscoveryClient_USER-SERVICE/user-service:e9b7af9de2a0b881ee4cdebaefff6442 - Heartbeat status: 200
2025-10-03 20:57:56.816 [DiscoveryClient-HeartbeatExecutor-0] DEBUG c.netflix.discovery.DiscoveryClient - DiscoveryClient_USER-SERVICE/user-service:e9b7af9de2a0b881ee4cdebaefff6442 - Heartbeat status: 200
2025-10-03 20:57:59.362 [http-nio-8080-exec-2] DEBUG o.s.security.web.FilterChainProxy - Securing POST /api/admin/add-users
2025-10-03 20:57:59.374 [http-nio-8080-exec-2] DEBUG o.s.security.web.FilterChainProxy - Secured POST /api/admin/add-users
2025-10-03 20:57:59.374 [http-nio-8080-exec-2] DEBUG o.s.o.j.s.OpenEntityManagerInViewInterceptor - Opening JPA EntityManager in OpenEntityManagerInViewInterceptor
2025-10-03 20:57:59.377 [http-nio-8080-exec-2] DEBUG o.s.s.a.m.AuthorizationManagerBeforeMethodInterceptor - Authorizing method invocation ReflectiveMethodInvocation: public org.springframework.http.ResponseEntity com.userservice.userservice.controller.AdminController.addUser(com.userservice.userservice.dto.AdminCreateUserRequestDTO,jakarta.servlet.http.HttpServletRequest); target is of class [com.userservice.userservice.controller.AdminController]
2025-10-03 20:57:59.380 [http-nio-8080-exec-2] DEBUG o.s.s.a.m.AuthorizationManagerBeforeMethodInterceptor - Authorized method invocation ReflectiveMethodInvocation: public org.springframework.http.ResponseEntity com.userservice.userservice.controller.AdminController.addUser(com.userservice.userservice.dto.AdminCreateUserRequestDTO,jakarta.servlet.http.HttpServletRequest); target is of class [com.userservice.userservice.controller.AdminController]
2025-10-03 20:57:59.380 [http-nio-8080-exec-2] INFO  c.u.u.controller.AdminController - [f9ca6296-9b1d-43ac-baec-8a60b555a552] Creating new user with email: williamjhon8426@gmail.com - IP: 0:0:0:0:0:0:0:1
2025-10-03 20:57:59.382 [http-nio-8080-exec-2] DEBUG org.hibernate.SQL - select ue1_0.id from user_entity ue1_0 where ue1_0.email=? fetch first ? rows only
2025-10-03 20:57:59.384 [http-nio-8080-exec-2] INFO  c.u.userservice.service.UserService - [162e63cf] Starting user registration for email: w***@gmail.com
2025-10-03 20:57:59.384 [http-nio-8080-exec-2] INFO  c.u.userservice.service.UserService - [162e63cf] 📥 Registering user - FullName: Admin Created User, Phone: ********11
2025-10-03 20:57:59.385 [http-nio-8080-exec-2] INFO  c.u.userservice.service.UserService - [162e63cf] Checking if user already exists
2025-10-03 20:57:59.390 [http-nio-8080-exec-2] DEBUG org.hibernate.SQL - select ue1_0.id,ue1_0.address,ue1_0.alternate_phone,ue1_0.biography,ue1_0.country_code,ue1_0.created_at,ue1_0.email,ue1_0.email_verified,ue1_0.facebook,ue1_0.failed_login_attempts,ue1_0.full_name,ue1_0.instagram,ue1_0.internshala,ue1_0.is_active,ue1_0.language,ue1_0.last_login_at,ue1_0.linkedin,ue1_0.lockout_until,ue1_0.password,ue1_0.phone,ue1_0.photo,ue1_0.role,ue1_0.updated_at from user_entity ue1_0 where ue1_0.email=?
2025-10-03 20:57:59.392 [http-nio-8080-exec-2] INFO  c.u.userservice.service.UserService - [162e63cf] Creating new user record
2025-10-03 20:57:59.392 [http-nio-8080-exec-2] INFO  c.u.userservice.service.UserService - [162e63cf] Validating password strength
2025-10-03 20:57:59.392 [http-nio-8080-exec-2] ERROR c.u.u.controller.AdminController - [f9ca6296-9b1d-43ac-baec-8a60b555a552] Error creating user: Password must contain at least one special character
java.lang.IllegalArgumentException: Password must contain at least one special character
	at com.userservice.userservice.util.PasswordValidatorUtil.validateOrThrow(PasswordValidatorUtil.java:22)
	at com.userservice.userservice.service.UserService.registerUser(UserService.java:94)
	at java.base/jdk.internal.reflect.NativeMethodAccessorImpl.invoke0(Native Method)
	at java.base/jdk.internal.reflect.NativeMethodAccessorImpl.invoke(NativeMethodAccessorImpl.java:77)
	at java.base/jdk.internal.reflect.DelegatingMethodAccessorImpl.invoke(DelegatingMethodAccessorImpl.java:43)
	at java.base/java.lang.reflect.Method.invoke(Method.java:569)
	at org.springframework.aop.support.AopUtils.invokeJoinpointUsingReflection(AopUtils.java:351)
	at org.springframework.aop.framework.CglibAopProxy$DynamicAdvisedInterceptor.intercept(CglibAopProxy.java:713)
	at com.userservice.userservice.service.UserService$$SpringCGLIB$$0.registerUser(<generated>)
	at com.userservice.userservice.controller.AdminController.addUser(AdminController.java:108)
	at java.base/jdk.internal.reflect.NativeMethodAccessorImpl.invoke0(Native Method)
	at java.base/jdk.internal.reflect.NativeMethodAccessorImpl.invoke(NativeMethodAccessorImpl.java:77)
	at java.base/jdk.internal.reflect.DelegatingMethodAccessorImpl.invoke(DelegatingMethodAccessorImpl.java:43)
	at java.base/java.lang.reflect.Method.invoke(Method.java:569)
	at org.springframework.aop.support.AopUtils.invokeJoinpointUsingReflection(AopUtils.java:351)
	at org.springframework.aop.framework.ReflectiveMethodInvocation.invokeJoinpoint(ReflectiveMethodInvocation.java:196)
	at org.springframework.aop.framework.ReflectiveMethodInvocation.proceed(ReflectiveMethodInvocation.java:163)
	at org.springframework.aop.framework.CglibAopProxy$CglibMethodInvocation.proceed(CglibAopProxy.java:765)
	at org.springframework.security.authorization.method.AuthorizationManagerBeforeMethodInterceptor.invoke(AuthorizationManagerBeforeMethodInterceptor.java:198)
	at org.springframework.aop.framework.ReflectiveMethodInvocation.proceed(ReflectiveMethodInvocation.java:184)
	at org.springframework.aop.framework.CglibAopProxy$CglibMethodInvocation.proceed(CglibAopProxy.java:765)
	at org.springframework.aop.framework.CglibAopProxy$DynamicAdvisedInterceptor.intercept(CglibAopProxy.java:717)
	at com.userservice.userservice.controller.AdminController$$SpringCGLIB$$0.addUser(<generated>)
	at java.base/jdk.internal.reflect.NativeMethodAccessorImpl.invoke0(Native Method)
	at java.base/jdk.internal.reflect.NativeMethodAccessorImpl.invoke(NativeMethodAccessorImpl.java:77)
	at java.base/jdk.internal.reflect.DelegatingMethodAccessorImpl.invoke(DelegatingMethodAccessorImpl.java:43)
	at java.base/java.lang.reflect.Method.invoke(Method.java:569)
	at org.springframework.web.method.support.InvocableHandlerMethod.doInvoke(InvocableHandlerMethod.java:255)
	at org.springframework.web.method.support.InvocableHandlerMethod.invokeForRequest(InvocableHandlerMethod.java:188)
	at org.springframework.web.servlet.mvc.method.annotation.ServletInvocableHandlerMethod.invokeAndHandle(ServletInvocableHandlerMethod.java:118)
	at org.springframework.web.servlet.mvc.method.annotation.RequestMappingHandlerAdapter.invokeHandlerMethod(RequestMappingHandlerAdapter.java:925)
	at org.springframework.web.servlet.mvc.method.annotation.RequestMappingHandlerAdapter.handleInternal(RequestMappingHandlerAdapter.java:830)
	at org.springframework.web.servlet.mvc.method.AbstractHandlerMethodAdapter.handle(AbstractHandlerMethodAdapter.java:87)
	at org.springframework.web.servlet.DispatcherServlet.doDispatch(DispatcherServlet.java:1089)
	at org.springframework.web.servlet.DispatcherServlet.doService(DispatcherServlet.java:979)
	at org.springframework.web.servlet.FrameworkServlet.processRequest(FrameworkServlet.java:1014)
	at org.springframework.web.servlet.FrameworkServlet.doPost(FrameworkServlet.java:914)
	at jakarta.servlet.http.HttpServlet.service(HttpServlet.java:590)
	at org.springframework.web.servlet.FrameworkServlet.service(FrameworkServlet.java:885)
	at jakarta.servlet.http.HttpServlet.service(HttpServlet.java:658)
	at org.apache.catalina.core.ApplicationFilterChain.internalDoFilter(ApplicationFilterChain.java:205)
	at org.apache.catalina.core.ApplicationFilterChain.doFilter(ApplicationFilterChain.java:149)
	at org.apache.tomcat.websocket.server.WsFilter.doFilter(WsFilter.java:51)
	at org.apache.catalina.core.ApplicationFilterChain.internalDoFilter(ApplicationFilterChain.java:174)
	at org.apache.catalina.core.ApplicationFilterChain.doFilter(ApplicationFilterChain.java:149)
	at org.springframework.web.filter.OncePerRequestFilter.doFilter(OncePerRequestFilter.java:110)
	at org.apache.catalina.core.ApplicationFilterChain.internalDoFilter(ApplicationFilterChain.java:174)
	at org.apache.catalina.core.ApplicationFilterChain.doFilter(ApplicationFilterChain.java:149)
	at org.springframework.web.filter.CompositeFilter$VirtualFilterChain.doFilter(CompositeFilter.java:108)
	at org.springframework.security.web.FilterChainProxy.lambda$doFilterInternal$3(FilterChainProxy.java:231)
	at org.springframework.security.web.ObservationFilterChainDecorator$FilterObservation$SimpleFilterObservation.lambda$wrap$1(ObservationFilterChainDecorator.java:479)
	at org.springframework.security.web.ObservationFilterChainDecorator$AroundFilterObservation$SimpleAroundFilterObservation.lambda$wrap$1(ObservationFilterChainDecorator.java:340)
	at org.springframework.security.web.ObservationFilterChainDecorator.lambda$wrapSecured$0(ObservationFilterChainDecorator.java:82)
	at org.springframework.security.web.ObservationFilterChainDecorator$VirtualFilterChain.doFilter(ObservationFilterChainDecorator.java:128)
	at org.springframework.security.web.access.intercept.AuthorizationFilter.doFilter(AuthorizationFilter.java:100)
	at org.springframework.security.web.ObservationFilterChainDecorator$ObservationFilter.wrapFilter(ObservationFilterChainDecorator.java:240)
	at org.springframework.security.web.ObservationFilterChainDecorator$ObservationFilter.doFilter(ObservationFilterChainDecorator.java:227)
	at org.springframework.security.web.ObservationFilterChainDecorator$VirtualFilterChain.doFilter(ObservationFilterChainDecorator.java:137)
	at org.springframework.security.web.access.ExceptionTranslationFilter.doFilter(ExceptionTranslationFilter.java:126)
	at org.springframework.security.web.access.ExceptionTranslationFilter.doFilter(ExceptionTranslationFilter.java:120)
	at org.springframework.security.web.ObservationFilterChainDecorator$ObservationFilter.wrapFilter(ObservationFilterChainDecorator.java:240)
	at org.springframework.security.web.ObservationFilterChainDecorator$ObservationFilter.doFilter(ObservationFilterChainDecorator.java:227)
	at org.springframework.security.web.ObservationFilterChainDecorator$VirtualFilterChain.doFilter(ObservationFilterChainDecorator.java:137)
	at org.springframework.security.web.session.SessionManagementFilter.doFilter(SessionManagementFilter.java:131)
	at org.springframework.security.web.session.SessionManagementFilter.doFilter(SessionManagementFilter.java:85)
	at org.springframework.security.web.ObservationFilterChainDecorator$ObservationFilter.wrapFilter(ObservationFilterChainDecorator.java:240)
	at org.springframework.security.web.ObservationFilterChainDecorator$ObservationFilter.doFilter(ObservationFilterChainDecorator.java:227)
	at org.springframework.security.web.ObservationFilterChainDecorator$VirtualFilterChain.doFilter(ObservationFilterChainDecorator.java:137)
	at org.springframework.security.web.authentication.AnonymousAuthenticationFilter.doFilter(AnonymousAuthenticationFilter.java:100)
	at org.springframework.security.web.ObservationFilterChainDecorator$ObservationFilter.wrapFilter(ObservationFilterChainDecorator.java:240)
	at org.springframework.security.web.ObservationFilterChainDecorator$ObservationFilter.doFilter(ObservationFilterChainDecorator.java:227)
	at org.springframework.security.web.ObservationFilterChainDecorator$VirtualFilterChain.doFilter(ObservationFilterChainDecorator.java:137)
	at org.springframework.security.web.servletapi.SecurityContextHolderAwareRequestFilter.doFilter(SecurityContextHolderAwareRequestFilter.java:179)
	at org.springframework.security.web.ObservationFilterChainDecorator$ObservationFilter.wrapFilter(ObservationFilterChainDecorator.java:240)
	at org.springframework.security.web.ObservationFilterChainDecorator$ObservationFilter.doFilter(ObservationFilterChainDecorator.java:227)
	at org.springframework.security.web.ObservationFilterChainDecorator$VirtualFilterChain.doFilter(ObservationFilterChainDecorator.java:137)
	at org.springframework.security.web.savedrequest.RequestCacheAwareFilter.doFilter(RequestCacheAwareFilter.java:63)
	at org.springframework.security.web.ObservationFilterChainDecorator$ObservationFilter.wrapFilter(ObservationFilterChainDecorator.java:240)
	at org.springframework.security.web.ObservationFilterChainDecorator$ObservationFilter.doFilter(ObservationFilterChainDecorator.java:227)
	at org.springframework.security.web.ObservationFilterChainDecorator$VirtualFilterChain.doFilter(ObservationFilterChainDecorator.java:137)
	at com.userservice.userservice.security.JwtAuthFilter.doFilterInternal(JwtAuthFilter.java:113)
	at org.springframework.web.filter.OncePerRequestFilter.doFilter(OncePerRequestFilter.java:116)
	at org.springframework.security.web.ObservationFilterChainDecorator$ObservationFilter.wrapFilter(ObservationFilterChainDecorator.java:240)
	at org.springframework.security.web.ObservationFilterChainDecorator$ObservationFilter.doFilter(ObservationFilterChainDecorator.java:227)
	at org.springframework.security.web.ObservationFilterChainDecorator$VirtualFilterChain.doFilter(ObservationFilterChainDecorator.java:137)
	at org.springframework.security.web.authentication.logout.LogoutFilter.doFilter(LogoutFilter.java:107)
	at org.springframework.security.web.authentication.logout.LogoutFilter.doFilter(LogoutFilter.java:93)
	at org.springframework.security.web.ObservationFilterChainDecorator$ObservationFilter.wrapFilter(ObservationFilterChainDecorator.java:240)
	at org.springframework.security.web.ObservationFilterChainDecorator$ObservationFilter.doFilter(ObservationFilterChainDecorator.java:227)
	at org.springframework.security.web.ObservationFilterChainDecorator$VirtualFilterChain.doFilter(ObservationFilterChainDecorator.java:137)
	at org.springframework.web.filter.CorsFilter.doFilterInternal(CorsFilter.java:91)
	at org.springframework.web.filter.OncePerRequestFilter.doFilter(OncePerRequestFilter.java:116)
	at org.springframework.security.web.ObservationFilterChainDecorator$ObservationFilter.wrapFilter(ObservationFilterChainDecorator.java:240)
	at org.springframework.security.web.ObservationFilterChainDecorator$ObservationFilter.doFilter(ObservationFilterChainDecorator.java:227)
	at org.springframework.security.web.ObservationFilterChainDecorator$VirtualFilterChain.doFilter(ObservationFilterChainDecorator.java:137)
	at org.springframework.security.web.header.HeaderWriterFilter.doHeadersAfter(HeaderWriterFilter.java:90)
	at org.springframework.security.web.header.HeaderWriterFilter.doFilterInternal(HeaderWriterFilter.java:75)
	at org.springframework.web.filter.OncePerRequestFilter.doFilter(OncePerRequestFilter.java:116)
	at org.springframework.security.web.ObservationFilterChainDecorator$ObservationFilter.wrapFilter(ObservationFilterChainDecorator.java:240)
	at org.springframework.security.web.ObservationFilterChainDecorator$ObservationFilter.doFilter(ObservationFilterChainDecorator.java:227)
	at org.springframework.security.web.ObservationFilterChainDecorator$VirtualFilterChain.doFilter(ObservationFilterChainDecorator.java:137)
	at org.springframework.security.web.context.SecurityContextHolderFilter.doFilter(SecurityContextHolderFilter.java:82)
	at org.springframework.security.web.context.SecurityContextHolderFilter.doFilter(SecurityContextHolderFilter.java:69)
	at org.springframework.security.web.ObservationFilterChainDecorator$ObservationFilter.wrapFilter(ObservationFilterChainDecorator.java:240)
	at org.springframework.security.web.ObservationFilterChainDecorator$ObservationFilter.doFilter(ObservationFilterChainDecorator.java:227)
	at org.springframework.security.web.ObservationFilterChainDecorator$VirtualFilterChain.doFilter(ObservationFilterChainDecorator.java:137)
	at org.springframework.security.web.context.request.async.WebAsyncManagerIntegrationFilter.doFilterInternal(WebAsyncManagerIntegrationFilter.java:62)
	at org.springframework.web.filter.OncePerRequestFilter.doFilter(OncePerRequestFilter.java:116)
	at org.springframework.security.web.ObservationFilterChainDecorator$ObservationFilter.wrapFilter(ObservationFilterChainDecorator.java:240)
	at org.springframework.security.web.ObservationFilterChainDecorator$ObservationFilter.doFilter(ObservationFilterChainDecorator.java:227)
	at org.springframework.security.web.ObservationFilterChainDecorator$VirtualFilterChain.doFilter(ObservationFilterChainDecorator.java:137)
	at org.springframework.security.web.session.DisableEncodeUrlFilter.doFilterInternal(DisableEncodeUrlFilter.java:42)
	at org.springframework.web.filter.OncePerRequestFilter.doFilter(OncePerRequestFilter.java:116)
	at org.springframework.security.web.ObservationFilterChainDecorator$ObservationFilter.wrapFilter(ObservationFilterChainDecorator.java:240)
	at org.springframework.security.web.ObservationFilterChainDecorator$AroundFilterObservation$SimpleAroundFilterObservation.lambda$wrap$0(ObservationFilterChainDecorator.java:323)
	at org.springframework.security.web.ObservationFilterChainDecorator$ObservationFilter.doFilter(ObservationFilterChainDecorator.java:224)
	at org.springframework.security.web.ObservationFilterChainDecorator$VirtualFilterChain.doFilter(ObservationFilterChainDecorator.java:137)
	at org.springframework.security.web.FilterChainProxy.doFilterInternal(FilterChainProxy.java:233)
	at org.springframework.security.web.FilterChainProxy.doFilter(FilterChainProxy.java:191)
	at org.springframework.web.filter.CompositeFilter$VirtualFilterChain.doFilter(CompositeFilter.java:113)
	at org.springframework.web.servlet.handler.HandlerMappingIntrospector.lambda$createCacheFilter$3(HandlerMappingIntrospector.java:195)
	at org.springframework.web.filter.CompositeFilter$VirtualFilterChain.doFilter(CompositeFilter.java:113)
	at org.springframework.web.filter.CompositeFilter.doFilter(CompositeFilter.java:74)
	at org.springframework.security.config.annotation.web.configuration.WebMvcSecurityConfiguration$CompositeFilterChainProxy.doFilter(WebMvcSecurityConfiguration.java:230)
	at org.springframework.web.filter.DelegatingFilterProxy.invokeDelegate(DelegatingFilterProxy.java:352)
	at org.springframework.web.filter.DelegatingFilterProxy.doFilter(DelegatingFilterProxy.java:268)
	at org.apache.catalina.core.ApplicationFilterChain.internalDoFilter(ApplicationFilterChain.java:174)
	at org.apache.catalina.core.ApplicationFilterChain.doFilter(ApplicationFilterChain.java:149)
	at org.springframework.web.filter.RequestContextFilter.doFilterInternal(RequestContextFilter.java:100)
	at org.springframework.web.filter.OncePerRequestFilter.doFilter(OncePerRequestFilter.java:116)
	at org.apache.catalina.core.ApplicationFilterChain.internalDoFilter(ApplicationFilterChain.java:174)
	at org.apache.catalina.core.ApplicationFilterChain.doFilter(ApplicationFilterChain.java:149)
	at org.springframework.web.filter.FormContentFilter.doFilterInternal(FormContentFilter.java:93)
	at org.springframework.web.filter.OncePerRequestFilter.doFilter(OncePerRequestFilter.java:116)
	at org.apache.catalina.core.ApplicationFilterChain.internalDoFilter(ApplicationFilterChain.java:174)
	at org.apache.catalina.core.ApplicationFilterChain.doFilter(ApplicationFilterChain.java:149)
	at org.springframework.web.filter.ServerHttpObservationFilter.doFilterInternal(ServerHttpObservationFilter.java:109)
	at org.springframework.web.filter.OncePerRequestFilter.doFilter(OncePerRequestFilter.java:116)
	at org.apache.catalina.core.ApplicationFilterChain.internalDoFilter(ApplicationFilterChain.java:174)
	at org.apache.catalina.core.ApplicationFilterChain.doFilter(ApplicationFilterChain.java:149)
	at org.springframework.web.filter.CharacterEncodingFilter.doFilterInternal(CharacterEncodingFilter.java:201)
	at org.springframework.web.filter.OncePerRequestFilter.doFilter(OncePerRequestFilter.java:116)
	at org.apache.catalina.core.ApplicationFilterChain.internalDoFilter(ApplicationFilterChain.java:174)
	at org.apache.catalina.core.ApplicationFilterChain.doFilter(ApplicationFilterChain.java:149)
	at org.apache.catalina.core.StandardWrapperValve.invoke(StandardWrapperValve.java:167)
	at org.apache.catalina.core.StandardContextValve.invoke(StandardContextValve.java:90)
	at org.apache.catalina.authenticator.AuthenticatorBase.invoke(AuthenticatorBase.java:482)
	at org.apache.catalina.core.StandardHostValve.invoke(StandardHostValve.java:115)
	at org.apache.catalina.valves.ErrorReportValve.invoke(ErrorReportValve.java:93)
	at org.apache.catalina.core.StandardEngineValve.invoke(StandardEngineValve.java:74)
	at org.apache.catalina.connector.CoyoteAdapter.service(CoyoteAdapter.java:344)
	at org.apache.coyote.http11.Http11Processor.service(Http11Processor.java:391)
	at org.apache.coyote.AbstractProcessorLight.process(AbstractProcessorLight.java:63)
	at org.apache.coyote.AbstractProtocol$ConnectionHandler.process(AbstractProtocol.java:896)
	at org.apache.tomcat.util.net.NioEndpoint$SocketProcessor.doRun(NioEndpoint.java:1744)
	at org.apache.tomcat.util.net.SocketProcessorBase.run(SocketProcessorBase.java:52)
	at org.apache.tomcat.util.threads.ThreadPoolExecutor.runWorker(ThreadPoolExecutor.java:1191)
	at org.apache.tomcat.util.threads.ThreadPoolExecutor$Worker.run(ThreadPoolExecutor.java:659)
	at org.apache.tomcat.util.threads.TaskThread$WrappingRunnable.run(TaskThread.java:63)
	at java.base/java.lang.Thread.run(Thread.java:840)
2025-10-03 20:57:59.409 [http-nio-8080-exec-2] DEBUG o.s.o.j.s.OpenEntityManagerInViewInterceptor - Closing JPA EntityManager in OpenEntityManagerInViewInterceptor
2025-10-03 20:58:01.840 [DiscoveryClient-HeartbeatExecutor-0] DEBUG c.netflix.discovery.DiscoveryClient - DiscoveryClient_USER-SERVICE/user-service:e9b7af9de2a0b881ee4cdebaefff6442 - Heartbeat status: 200
2025-10-03 20:58:06.870 [DiscoveryClient-HeartbeatExecutor-0] DEBUG c.netflix.discovery.DiscoveryClient - DiscoveryClient_USER-SERVICE/user-service:e9b7af9de2a0b881ee4cdebaefff6442 - Heartbeat status: 200
2025-10-03 20:58:07.988 [DiscoveryClient-CacheRefreshExecutor-0] DEBUG c.netflix.discovery.DiscoveryClient - Got delta update with apps hashcode UP_2_
2025-10-03 20:58:07.988 [DiscoveryClient-CacheRefreshExecutor-0] DEBUG c.netflix.discovery.DiscoveryClient - The total number of instances fetched by the delta processor : 0
2025-10-03 20:58:07.989 [DiscoveryClient-CacheRefreshExecutor-0] DEBUG c.netflix.discovery.DiscoveryClient - The total number of all instances in the client now is 2
2025-10-03 20:58:07.989 [DiscoveryClient-CacheRefreshExecutor-0] DEBUG c.netflix.discovery.DiscoveryClient - Completed cache refresh task for discovery. All Apps hash code is Local region apps hashcode: UP_2_, is fetching remote regions? false 
2025-10-03 20:58:11.902 [DiscoveryClient-HeartbeatExecutor-0] DEBUG c.netflix.discovery.DiscoveryClient - DiscoveryClient_USER-SERVICE/user-service:e9b7af9de2a0b881ee4cdebaefff6442 - Heartbeat status: 200
2025-10-03 20:58:17.025 [DiscoveryClient-HeartbeatExecutor-0] DEBUG c.netflix.discovery.DiscoveryClient - DiscoveryClient_USER-SERVICE/user-service:e9b7af9de2a0b881ee4cdebaefff6442 - Heartbeat status: 200
2025-10-03 20:58:22.055 [DiscoveryClient-HeartbeatExecutor-0] DEBUG c.netflix.discovery.DiscoveryClient - DiscoveryClient_USER-SERVICE/user-service:e9b7af9de2a0b881ee4cdebaefff6442 - Heartbeat status: 200
2025-10-03 20:58:27.084 [DiscoveryClient-HeartbeatExecutor-0] DEBUG c.netflix.discovery.DiscoveryClient - DiscoveryClient_USER-SERVICE/user-service:e9b7af9de2a0b881ee4cdebaefff6442 - Heartbeat status: 200
2025-10-03 20:58:32.110 [DiscoveryClient-HeartbeatExecutor-0] DEBUG c.netflix.discovery.DiscoveryClient - DiscoveryClient_USER-SERVICE/user-service:e9b7af9de2a0b881ee4cdebaefff6442 - Heartbeat status: 200
2025-10-03 20:58:37.136 [DiscoveryClient-HeartbeatExecutor-0] DEBUG c.netflix.discovery.DiscoveryClient - DiscoveryClient_USER-SERVICE/user-service:e9b7af9de2a0b881ee4cdebaefff6442 - Heartbeat status: 200
2025-10-03 20:58:38.022 [DiscoveryClient-CacheRefreshExecutor-0] DEBUG c.netflix.discovery.DiscoveryClient - Got delta update with apps hashcode UP_2_
2025-10-03 20:58:38.022 [DiscoveryClient-CacheRefreshExecutor-0] DEBUG c.netflix.discovery.DiscoveryClient - The total number of instances fetched by the delta processor : 0
2025-10-03 20:58:38.024 [DiscoveryClient-CacheRefreshExecutor-0] DEBUG c.netflix.discovery.DiscoveryClient - The total number of all instances in the client now is 2
2025-10-03 20:58:38.024 [DiscoveryClient-CacheRefreshExecutor-0] DEBUG c.netflix.discovery.DiscoveryClient - Completed cache refresh task for discovery. All Apps hash code is Local region apps hashcode: UP_2_, is fetching remote regions? false 
2025-10-03 20:58:42.174 [DiscoveryClient-HeartbeatExecutor-0] DEBUG c.netflix.discovery.DiscoveryClient - DiscoveryClient_USER-SERVICE/user-service:e9b7af9de2a0b881ee4cdebaefff6442 - Heartbeat status: 200
2025-10-03 20:58:47.211 [DiscoveryClient-HeartbeatExecutor-0] DEBUG c.netflix.discovery.DiscoveryClient - DiscoveryClient_USER-SERVICE/user-service:e9b7af9de2a0b881ee4cdebaefff6442 - Heartbeat status: 200
